,,Longitude,Longitude,Longitude,Longitude,Longitude,Longitude,Longitude,Longitude,Latitude,Latitude,Latitude,Latitude,Latitude,Latitude,Latitude,Latitude,RevisionNumber,RevisionNumber,RevisionNumber,RevisionNumber,RevisionNumber,RevisionNumber,RevisionNumber,RevisionNumber,NptgDistrictCode,NptgDistrictCode,NptgDistrictCode,NptgDistrictCode,NptgDistrictCode,NptgDistrictCode,NptgDistrictCode,NptgDistrictCode,AtcoAreaCode,AtcoAreaCode,AtcoAreaCode,AtcoAreaCode,AtcoAreaCode,AtcoAreaCode,AtcoAreaCode,AtcoAreaCode,Longitude_area,Longitude_area,Longitude_area,Longitude_area,Longitude_area,Longitude_area,Longitude_area,Longitude_area,Latitude_area,Latitude_area,Latitude_area,Latitude_area,Latitude_area,Latitude_area,Latitude_area,Latitude_area
,,count,mean,std,min,25%,50%,75%,max,count,mean,std,min,25%,50%,75%,max,count,mean,std,min,25%,50%,75%,max,count,mean,std,min,25%,50%,75%,max,count,mean,std,min,25%,50%,75%,max,count,mean,std,min,25%,50%,75%,max,count,mean,std,min,25%,50%,75%,max
AdminCode,AreaName,,,,,,,,,,,,,,,,,,,,,,,,,,,,,,,,,,,,,,,,,,,,,,,,,,,,,,,,
1,Bath & North East Somerset,1362.0,-2.426275818384361,0.08102098942449158,-2.6933747051999997,-2.489482424,-2.3964737182999998,-2.363832073975,-2.2945980196,1362.0,51.36302512617393,0.037316927210654646,51.274237213,51.338008353875004,51.3746107142,51.390502813375,51.429419430900005,1362.0,14.430249632892805,23.17489130198929,0.0,4.0,8.0,14.0,406.0,1362.0,310.0,0.0,310.0,310.0,310.0,310.0,310.0,1362.0,18.0,0.0,18.0,18.0,18.0,18.0,18.0,21.0,-2.3635801404761905,0.033211892337858,-2.4956289,-2.35900048,-2.35900048,-2.35900048,-2.30100639,21.0,51.37808741761904,0.012029321116021034,51.34202437,51.37782814,51.37782814,51.37782814,51.41797284
10,Caerphilly,1341.0,-3.2051487509206567,0.053122242167177786,-3.3453642268,-3.2381021438,-3.2148607881999998,-3.1730428848,-3.0701525076,1341.0,51.64717995575563,0.05149058689148942,51.5516072718,51.596078058900005,51.651972363599995,51.679134662399996,51.7825911858,1341.0,2.8329604772557793,0.8930006212936343,0.0,2.0,3.0,3.0,9.0,1341.0,310.0,0.0,310.0,310.0,310.0,310.0,310.0,1341.0,554.0,0.0,554.0,554.0,554.0,554.0,554.0,0.0,,,,,,,,0.0,,,,,,,
100,Staffordshire,5293.0,-1.9856682443589646,0.21376568298307652,-2.4566701529,-2.1578162443,-2.0184807317,-1.8253408607,-1.5912876347999998,5293.0,52.820977195183154,0.16201709344243914,52.4326430667,52.6860353814,52.7976429977,52.97045921310001,53.2083755532,5293.0,7.156244095975817,6.1489109171656455,0.0,4.0,5.0,8.0,66.0,5293.0,136.05403362932174,58.81296909511923,30.0,71.0,129.0,190.0,310.0,5293.0,380.0,0.0,380.0,380.0,380.0,380.0,380.0,223.0,-1.9762738319282513,0.20437980857441407,-2.25888539,-2.1216151649999997,-2.02214161,-1.82542277,-1.62702818,223.0,52.78314459470852,0.142753861866535,52.53454514,52.68135723,52.75917501,52.860315655,53.1163844
101,Suffolk,6893.0,1.1034017884191178,0.3681805001052385,0.36044337122000003,0.8037077301000001,1.1365765821200002,1.3489247852700001,1.75900859376,6893.0,52.1992161308505,0.15353028024290072,51.9392849005,52.0628963142,52.1874780461,52.3182676639,52.537948775699995,6893.0,7.322501088060351,14.455899273566244,0.0,0.0,3.0,10.0,141.0,6893.0,139.6347018714638,69.52477583092343,9.0,105.0,124.0,195.0,218.0,6893.0,390.0,0.0,390.0,390.0,390.0,390.0,390.0,3836.0,1.0916983920620438,0.35718920464607806,0.36894468,0.79707054,1.13423209,1.33272407,1.75347383,3836.0,52.192680674700206,0.1516943063664662,51.93947409,52.059130025,52.182129915000004,52.3118413375,52.53793449
102,Surrey,5941.0,-0.43984153225704425,0.21351840157650706,-0.8260619344,-0.5972075225,-0.4754359557,-0.2702811911,0.0496310984,5941.0,51.27808041046316,0.08506701186013851,51.08065903560001,51.2164782387,51.2784158191,51.3389431417,51.4627605336,5941.0,4.6774953711496385,2.2353180210142725,0.0,3.0,4.0,6.0,21.0,5941.0,157.1620939235819,55.06997217735583,44.0,91.0,160.0,199.0,296.0,5941.0,400.0,0.0,400.0,400.0,400.0,400.0,400.0,5295.0,-0.4412593596751653,0.2125343798280231,-0.82515603,-0.59666361,-0.47563581,-0.27317356,0.04965748,5295.0,51.278112217677055,0.0850325638207094,51.08041242,51.216063695,51.27868762,51.33882928,51.45871698
103,Tyne & Wear,6561.0,-1.5390596611105014,0.10809540453910522,-1.8226969161000002,-1.6155586178999999,-1.5367390743,-1.4459632244999998,-1.354274508,6561.0,54.95468900264062,0.05176320892725931,54.8001510803,54.918781704,54.9615313655,54.992811481800004,55.066986460600006,6561.0,0.28090230147843315,0.7115442946780683,0.0,0.0,0.0,0.0,7.0,6561.0,258.6448712086572,7.350113549771752,249.0,255.0,256.0,268.0,310.0,6561.0,410.0,0.0,410.0,410.0,410.0,410.0,410.0,506.0,-1.530667341501976,0.09456331330108582,-1.72775363,-1.61235592,-1.557382115,-1.44494902,-1.38086187,506.0,54.97171413513834,0.04102755987294997,54.82098198,54.9531482525,54.97516612,55.00050462,55.04218202
104,Warwickshire,3744.0,-1.5272102070520301,0.15564599855719427,-1.9292721485,-1.61504173365,-1.5277696779,-1.446387229875,-1.1858891148000001,3744.0,52.36228196119564,0.14078744122284276,51.9674409158,52.26815916979999,52.35548114295,52.499302033525005,52.67769272140001,3744.0,1.544337606837607,1.3196798441543744,0.0,1.0,1.0,2.0,13.0,3744.0,174.24759615384616,30.362726027320868,58.0,143.0,159.0,193.0,264.0,3744.0,420.0,0.0,420.0,420.0,420.0,420.0,420.0,120.0,-1.56660727775,0.16550538916277777,-1.84466542,-1.71390035,-1.58025921,-1.46648306,-1.25047119,120.0,52.355718086749995,0.11760547557014053,52.19272958,52.2833445825,52.34222787,52.4796177825,52.6258478
105,West Midlands,13771.0,-1.903883919632002,0.18361435713591115,-2.2055459516,-2.03788040865,-1.9351822441,-1.8166543155500001,-1.406958705,13771.0,52.49432156655514,0.06854200194405081,52.351386186400006,52.43957407355,52.486296431899994,52.5496705054,52.6604248358,13771.0,102.90814029482246,25.12346679291051,1.0,100.0,106.0,113.0,658.0,13771.0,253.50577300123447,12.815591366215779,241.0,241.0,248.0,264.0,275.0,13771.0,430.0,0.0,430.0,430.0,430.0,430.0,430.0,13747.0,-1.9036912262064452,0.1837024728753862,-2.20539367,-2.03756797,-1.9350125,-1.816425675,-1.40658227,13747.0,52.494282936501776,0.06857219080618755,52.35139905,52.43947698,52.48620166,52.54972747,52.66032246
106,West Sussex,5653.0,-0.435176031699326,0.24154977305405673,-0.9489838439,-0.6646989368,-0.39909121340000003,-0.2272090681,0.02620654087,5653.0,50.93646712271568,0.11581173455598902,50.7246782596,50.8317277414,50.931242732600005,51.0339503624,51.166704495299996,5653.0,3.572262515478507,2.0165508890291894,0.0,2.0,3.0,5.0,20.0,5653.0,77.19971696444365,64.83628399666313,1.0,44.0,54.0,102.0,235.0,5653.0,440.0,0.0,440.0,440.0,440.0,440.0,440.0,334.0,-0.36182914020958085,0.23214929135578882,-0.90864751,-0.49012333,-0.30864465,-0.17520871,-0.0167286,334.0,50.946939611736525,0.13432796328412624,50.78654154,50.82936891,50.896731814999995,51.09540483,51.16101589
107,West Yorkshire,17285.0,-1.6872670961014464,0.1881238799721227,-2.1630670200999997,-1.8253198815,-1.7157103335,-1.5445057546,-1.2188389757,17285.0,53.74058929509637,0.08500516037462945,53.5299005134,53.6802016826,53.734735586000006,53.806551713199994,53.959216149300005,17285.0,1.0,0.0,1.0,1.0,1.0,1.0,1.0,17285.0,251.32693086491176,8.796615221067203,168.0,245.0,250.0,252.0,271.0,17285.0,450.0,0.0,450.0,450.0,450.0,450.0,450.0,14913.0,-1.6741583445993427,0.18613063951820177,-2.16306717,-1.81139391,-1.69658853,-1.53429556,-1.21994831,14913.0,53.74291457252934,0.08138005218151155,53.52995998,53.68411305,53.73790565,53.80607309,53.95731182
108,Wiltshire,4713.0,-1.9694441512350096,0.19783809382327397,-2.326518028,-2.1489043017,-1.9861638461000002,-1.792217815,-1.5085844835,4713.0,51.28945416041078,0.17084685591442433,50.9505141479,51.124720886800006,51.316768178900006,51.4215182541,51.697697499200004,4713.0,5.226395077445364,14.977837592306301,0.0,0.0,0.0,2.0,165.0,4713.0,309.8905155951623,5.3142244738741695,52.0,310.0,310.0,310.0,310.0,4713.0,460.0,0.0,460.0,460.0,460.0,460.0,460.0,13.0,-2.0370265269230767,0.24322272727941646,-2.28132312,-2.20791113,-2.14449203,-1.80637737,-1.59877348,13.0,51.26654450923077,0.13505790334969206,51.04245334,51.20676977,51.3198259,51.3449091,51.46248526
109,Worcestershire,4077.0,-2.134112205440324,0.15927176629771675,-2.6244003893,-2.2533884394,-2.1616675537,-1.9752758533,-1.7799704869,4077.0,52.24145960349159,0.11120344455229347,51.9711761016,52.1460747998,52.2586897551,52.3320544474,52.439995154799995,4077.0,3.4912926171204317,2.016671248958492,0.0,2.0,3.0,5.0,13.0,4077.0,171.2374294824626,76.70999925906054,25.0,118.0,234.0,236.0,310.0,4077.0,200.0,0.0,200.0,200.0,200.0,200.0,200.0,283.0,-2.1261088477385157,0.14803536638320103,-2.39441519,-2.23846656,-2.175462,-1.94730499,-1.83209216,283.0,52.240744416466434,0.10340365885145919,52.05809535,52.18151431,52.21327962,52.32336582000001,52.42290667
11,Cardiff,2012.0,-3.1862745467813665,0.1532839531343633,-3.334069787,-3.2147012732749998,-3.18351109145,-3.164640605975,3.40426653329,2012.0,51.502605205,0.08722104460688167,51.4159739249,51.481332319525,51.500665292149996,51.520181743175,55.2781207668,2012.0,2.2524850894632205,1.134368297506243,0.0,2.0,2.0,3.0,11.0,2012.0,310.0,0.0,310.0,310.0,310.0,310.0,310.0,2012.0,571.0,0.0,571.0,571.0,571.0,571.0,571.0,0.0,,,,,,,,0.0,,,,,,,
110,National - National Rail,2681.0,-1.743932859352641,1.6837074300322983,-5.839077678300001,-3.0496270460000003,-1.6578126482,-0.2131588524,1.74970804572,2681.0,52.7815358628345,1.7339048759837192,50.1216739813,51.4562443244,52.2865396927,53.62210610060001,58.5901766225,2681.0,1.6012681835136142,0.8183428121970932,0.0,1.0,1.0,2.0,13.0,2681.0,233.81424841477062,93.30894258888682,1.0,174.0,279.0,310.0,310.0,2681.0,910.0,0.0,910.0,910.0,910.0,910.0,910.0,2676.0,-1.7444546559118088,1.6838492412661186,-5.8390582,-3.04947092,-1.660509345,-0.21301341999999998,1.74973324,2676.0,52.780681480426,1.7317458558600747,50.1216623,51.456092395,52.2890265,53.621320765,58.58998232
111,Aberdeen,1415.0,-2.136030318279717,0.04441184174366293,-2.3071210447999997,-2.16121001965,-2.1256734928,-2.10130780135,-2.0626842584,1415.0,57.15208096346664,0.027633801213417283,57.0829551001,57.133620511000004,57.15141702060001,57.170477893599994,57.2144377875,1415.0,3.366077738515901,2.0271097120326838,0.0,2.0,3.0,4.0,12.0,1415.0,310.0,0.0,310.0,310.0,310.0,310.0,310.0,1415.0,639.0,0.0,639.0,639.0,639.0,639.0,639.0,0.0,,,,,,,,0.0,,,,,,,
112,Aberdeenshire,2332.0,-2.3030102595663378,0.3021678459070723,-3.5428606302,-2.488812640275,-2.2932405103000004,-2.0828306563499996,-1.7766656996,2332.0,57.3302672434693,0.2423433835555006,56.7700653527,57.1217394379,57.33747792455,57.5217635149,57.69929051020001,2332.0,3.358490566037736,2.289653849809773,0.0,1.0,3.0,5.0,15.0,2332.0,310.0,0.0,310.0,310.0,310.0,310.0,310.0,2332.0,630.0,0.0,630.0,630.0,630.0,630.0,630.0,0.0,,,,,,,,0.0,,,,,,,
113,Angus,1815.0,-2.7890864788761984,0.20646221194537345,-3.3627070283999996,-2.9214505318999997,-2.7934872644,-2.6085422003,-2.4562950531,1815.0,56.633470689239005,0.09122719820144862,56.474566490600004,56.561557649950004,56.638835514499995,56.70878726535,56.911362669,1815.0,2.379063360881543,1.633646432302199,0.0,2.0,2.0,3.0,11.0,1815.0,310.0,0.0,310.0,310.0,310.0,310.0,310.0,1815.0,649.0,0.0,649.0,649.0,649.0,649.0,649.0,731.0,-2.7776768793980846,0.20839869026495778,-3.33994195,-2.91270652,-2.76057342,-2.59893584,-2.45752665,731.0,56.61530585410397,0.08741036632377946,56.47677398,56.555471749999995,56.62358938,56.676456560000005,56.82772192
114,Argyll & Bute,1430.0,-5.281982876186084,0.4899262056077626,-6.9738296038,-5.48801798195,-5.141522992800001,-4.927272697599999,-4.6129637756,1430.0,56.04067407391552,0.28984541110916334,55.3099580426,55.864803566225,56.00065771850001,56.2648950631,56.625503502200004,1430.0,3.983216783216783,1.9646272200913497,0.0,3.0,4.0,5.0,13.0,1430.0,310.0,0.0,310.0,310.0,310.0,310.0,310.0,1430.0,607.0,0.0,607.0,607.0,607.0,607.0,607.0,1064.0,-5.30218723455827,0.5038487281344465,-6.97359144,-5.49576228,-5.137596,-4.934940525,-4.61705279,1064.0,56.044870935479324,0.28585891179204037,55.32320944,55.860359277499995,55.9903902,56.28268725,56.62395572
115,Scottish Borders,1390.0,-2.679433816618633,0.315377009032806,-3.468620799,-2.832753924375,-2.7358686235,-2.4312055038000002,-2.0454805371,1390.0,55.60409733026122,0.13471911271531967,55.1172548579,55.523370703124996,55.606856953299996,55.684964340625,55.932033709799995,1390.0,3.102158273381295,1.684532079321553,0.0,2.0,3.0,4.0,12.0,1390.0,310.0,0.0,310.0,310.0,310.0,310.0,310.0,1390.0,690.0,0.0,690.0,690.0,690.0,690.0,690.0,22.0,-2.7222046545454543,0.4368361448342462,-3.46704961,-2.80599298,-2.80561548,-2.3665226825000003,-2.12183821,22.0,55.65798753727272,0.09090436395055296,55.56823535,55.6172677,55.6174409,55.643065715,55.84281853
116,Clackmannanshire,299.0,-3.7772314796324413,0.05084167524929906,-3.860575696,-3.805553005,-3.7845987246,-3.7507804461500003,-3.6042888831999997,299.0,56.133251300185954,0.01962528185917369,56.0921766186,56.117326647949994,56.1292947387,56.150960997400006,56.19502317520001,299.0,3.1036789297658864,2.0364019074786643,0.0,1.0,3.0,5.0,9.0,299.0,310.0,0.0,310.0,310.0,310.0,310.0,310.0,299.0,668.0,0.0,668.0,668.0,668.0,668.0,668.0,231.0,-3.774997416060606,0.05236434977981228,-3.86003503,-3.80434935,-3.78253004,-3.74848156,-3.60442913,231.0,56.133887620822506,0.020344079845206423,56.09964266,56.116880275,56.12973184,56.15132101499999,56.1950038
117,West Dunbartonshire,545.0,-4.492962915045871,0.08038654367684371,-4.6039017971,-4.5701517449,-4.5217013345999995,-4.408698134,-4.3807190355,545.0,55.94298573143028,0.03460885900422649,55.891330602299995,55.9138169374,55.9363399828,55.972891024300004,56.0502274478,545.0,0.0,0.0,0.0,0.0,0.0,0.0,0.0,545.0,310.0,0.0,310.0,310.0,310.0,310.0,310.0,545.0,608.0,0.0,608.0,608.0,608.0,608.0,608.0,321.0,-4.497817991713395,0.08037352529921075,-4.59900009,-4.57231347,-4.54483503,-4.41128857,-4.38476125,321.0,55.945224222087234,0.03504904011545202,55.89416885,55.9137656,55.94135731,55.97572449,56.04233479
118,Dumfries & Galloway,2136.0,-3.8723729444634833,0.5751474623195267,-5.1646720682,-4.159393846075,-3.7102724470500004,-3.4634897104749998,-2.8932784138,2136.0,55.03355087577065,0.14483022281807834,54.689441702399996,54.92694089667499,55.0473988551,55.1081569146,55.417893074700004,2136.0,1.824438202247191,1.1396955766433714,0.0,1.0,2.0,2.0,9.0,2136.0,310.0,0.0,310.0,310.0,310.0,310.0,310.0,2136.0,680.0,0.0,680.0,680.0,680.0,680.0,680.0,1589.0,-3.8403796746066705,0.5503007896892459,-5.13221359,-4.12584044,-3.72158873,-3.44094053,-2.89301612,1589.0,55.03850989296413,0.1493920424246686,54.69983819,54.9270525,55.05220461,55.12172988,55.41787587
119,Dundee,999.0,-2.970293588813213,0.04927140903152088,-3.0690923162,-3.0054562983,-2.9783135673000003,-2.9390925732,-2.8411775138,999.0,56.47428520371181,0.010701800645702133,56.45321675939999,56.4668928192,56.4729180335,56.48138824,56.49992491770001,999.0,3.6376376376376376,1.8659550909998024,0.0,3.0,3.0,4.0,22.0,999.0,310.0,0.0,310.0,310.0,310.0,310.0,310.0,999.0,640.0,0.0,640.0,640.0,640.0,640.0,640.0,787.0,-2.968878893684879,0.048085863781900405,-3.054664,-3.00348933,-2.97614489,-2.93708986,-2.8439451,787.0,56.47401980344345,0.01026181080546524,56.45326411,56.46721864,56.47269589,56.480982655,56.49991392
12,Carmarthenshire,2485.0,-4.1834082360076055,0.17778570434649613,-4.729341245400001,-4.298249516,-4.1596922563,-4.0636431248000005,-3.7016117262,2485.0,51.8079280599866,0.10380232889504373,51.663134232,51.7153498102,51.797269147899996,51.8618570453,52.1062517887,2485.0,1.9364185110663983,0.8648518076841986,0.0,1.0,2.0,2.0,12.0,2485.0,310.0,0.0,310.0,310.0,310.0,310.0,310.0,2485.0,522.0,0.0,522.0,522.0,522.0,522.0,522.0,0.0,,,,,,,,0.0,,,,,,,
120,East Ayrshire,968.0,-4.420996222787604,0.1193088077959181,-4.5949389134,-4.504924606225001,-4.47526135395,-4.3301537562500005,-4.059981597799999,968.0,55.54973570140579,0.10249770623705914,55.306554473199995,55.455170071975004,55.5992919525,55.61913765055,55.7441067524,968.0,0.0,0.0,0.0,0.0,0.0,0.0,0.0,968.0,310.0,0.0,310.0,310.0,310.0,310.0,310.0,968.0,618.0,0.0,618.0,618.0,618.0,618.0,618.0,651.0,-4.419164465668203,0.12097027338787736,-4.59351647,-4.509627699999999,-4.47221702,-4.30523872,-4.07238911,651.0,55.544313964086015,0.10626840498329818,55.30948415,55.45095809,55.59830128,55.62022739,55.74409352
121,East Dunbartonshire,484.0,-4.2210040381628104,0.08208587060132404,-4.3786394488,-4.31638400225,-4.20627413275,-4.150088197800001,-4.0823318854,484.0,55.931286482752476,0.019309255806174715,55.89672412149999,55.914626490075,55.9319530894,55.942333912849996,55.9888371271,484.0,0.0,0.0,0.0,0.0,0.0,0.0,0.0,484.0,310.0,0.0,310.0,310.0,310.0,310.0,310.0,484.0,611.0,0.0,611.0,611.0,611.0,611.0,611.0,301.0,-4.211982039003323,0.07966514717420888,-4.37289143,-4.28049454,-4.19837357,-4.1471731,-4.08284672,301.0,55.93430168129568,0.01974364771820166,55.89664637,55.92080171,55.93464846,55.94370956,55.98527676
122,East Lothian,905.0,-2.830266534409061,0.166067235423584,-3.0783410204000003,-2.9613868285000002,-2.8498980291000002,-2.7376065130000002,-2.3811985277,905.0,55.96509549648707,0.04208380942078205,55.854240222399994,55.9403806603,55.95612866,55.990797450100004,56.060066872200004,905.0,2.8121546961325965,1.9727306605891426,0.0,1.0,3.0,4.0,12.0,905.0,310.0,0.0,310.0,310.0,310.0,310.0,310.0,905.0,627.0,0.0,627.0,627.0,627.0,627.0,627.0,787.0,-2.8337728272172806,0.16661886755134653,-3.0782946,-2.96332006,-2.85918636,-2.7411035850000003,-2.38125436,787.0,55.96429692509529,0.04195065048549123,55.85487396,55.9402472,55.95553988,55.98953924,56.05822553
123,East Renfrewshire,407.0,-4.334839240781081,0.05138405791219745,-4.5019129968,-4.37945640825,-4.3229003164,-4.29468916025,-4.2545596894,407.0,55.7875322585,0.016414486880709473,55.7362582775,55.77817552575,55.7887796024,55.8009916157,55.8180409467,407.0,0.0,0.0,0.0,0.0,0.0,0.0,0.0,407.0,310.0,0.0,310.0,310.0,310.0,310.0,310.0,407.0,612.0,0.0,612.0,612.0,612.0,612.0,612.0,248.0,-4.3321346693951615,0.05013961239296621,-4.46660181,-4.37830191,-4.319601885,-4.29409346,-4.25487889,248.0,55.787459026088705,0.01754346834044971,55.73739255,55.7769440875,55.788349885,55.80168317249999,55.81703837
124,Edinburgh,2494.0,-3.2249593571111066,0.07140394176163296,-3.4193998189999997,-3.270693444775,-3.2132932793,-3.1756275442,-3.0813055155,2494.0,55.942425010208616,0.02293127583038988,55.871137312399995,55.926057542875,55.9451040842,55.958805486174995,55.9909544896,2494.0,5.2886928628708905,3.3232181747210356,0.0,3.0,5.0,7.0,43.0,2494.0,310.0,0.0,310.0,310.0,310.0,310.0,310.0,2494.0,620.0,0.0,620.0,620.0,620.0,620.0,620.0,1874.0,-3.229008864551761,0.1658344077283845,-5.54454376,-3.26105447,-3.21013193,-3.172045205,-3.08189184,1874.0,55.93005997889007,0.20158283499293245,52.85337741,55.92633512,55.94564643,55.9600651925,55.99081787
125,Falkirk,1255.0,-3.7729398347548204,0.09139469809929364,-3.9811140795999997,-3.82834029165,-3.7821711066000003,-3.7233916109500003,-3.5221366818,1255.0,56.003896245073705,0.022174132640774755,55.9136380621,55.99324870545,56.005112715600006,56.0177237726,56.0971717883,1255.0,1.7641434262948208,1.5626691817009803,0.0,1.0,1.0,2.0,21.0,1255.0,310.0,0.0,310.0,310.0,310.0,310.0,310.0,1255.0,669.0,0.0,669.0,669.0,669.0,669.0,669.0,1068.0,-3.7735777052996253,0.09172342194794832,-3.96695035,-3.82928332,-3.78378489,-3.72183045,-3.52886795,1068.0,56.004402262397,0.022665629869506952,55.91404211,55.993638927499994,56.0061128,56.018123134999996,56.09701085
126,Fife,4146.0,-3.179947808246454,0.21934693934493923,-3.7207897472000004,-3.3641647686750002,-3.17295843495,-3.0289551997000004,-2.6186318928,4146.0,56.17437692318244,0.10404280048499732,56.0088130303,56.08430683077499,56.157256090800004,56.222679142800004,56.451559247,4146.0,2.619874577906416,1.6304492809059958,0.0,2.0,2.0,3.0,14.0,4146.0,310.0,0.0,310.0,310.0,310.0,310.0,310.0,4146.0,650.0,0.0,650.0,650.0,650.0,650.0,650.0,3108.0,-3.1864447358204635,0.21578732528167735,-3.72183155,-3.37206005,-3.17552514,-3.03354078,-2.61851301,3108.0,56.16890695589446,0.1002970552877679,56.00986821,56.081646854999995,56.15044834,56.214249869999996,56.45154995
127,Glasgow,3041.0,-4.261536266887143,0.07165342766535436,-4.3863284418,-4.3230039887,-4.2613641025,-4.2169864149,-4.0925624453,3041.0,55.859153782357744,0.02802513971118135,55.786212640200006,55.841159015200006,55.860896208599996,55.880816215100005,55.918573049799996,3041.0,0.0,0.0,0.0,0.0,0.0,0.0,0.0,3041.0,310.0,0.0,310.0,310.0,310.0,310.0,310.0,3041.0,609.0,0.0,609.0,609.0,609.0,609.0,609.0,1846.0,-4.256772190855905,0.0697471079241531,-4.38540611,-4.30796475,-4.256876800000001,-4.21617141,-4.09258468,1846.0,55.85971405410618,0.02793686878013199,55.7866692,55.84300073,55.862968825,55.87972108,55.91822112
128,Highland,3663.0,-4.562795418298471,0.8579178451399212,-6.7500358026,-5.206940014600001,-4.3068199242,-4.0518678389,-3.0566592737000002,3663.0,57.672325602866906,0.5063788031678468,56.534803833299996,57.39090195765,57.5329953532,58.01886784595,58.6516178022,3663.0,1.22986622986623,1.5348182374371204,0.0,0.0,1.0,2.0,12.0,3663.0,310.0,0.0,310.0,310.0,310.0,310.0,310.0,3663.0,670.0,0.0,670.0,670.0,670.0,670.0,670.0,1574.0,-4.623551978900889,0.9102607888455748,-6.66106321,-5.33708749,-4.444379339999999,-3.99248563,-3.05681909,1574.0,57.80371362763025,0.5167122621570858,56.58348929,57.433795724999996,57.69449534,58.3033075725,58.64318192
129,Inverclyde,623.0,-4.753697277198234,0.06808639973721507,-4.8898048262,-4.8065870826,-4.7656015161,-4.69276714285,-4.6114537482,623.0,55.9369980418719,0.018261165869307355,55.8647767734,55.931527173700005,55.9410924508,55.948403489650005,55.96236203350001,623.0,0.0,0.0,0.0,0.0,0.0,0.0,0.0,623.0,310.0,0.0,310.0,310.0,310.0,310.0,310.0,623.0,613.0,0.0,613.0,613.0,613.0,613.0,613.0,396.0,-4.756700341338384,0.06832567598037337,-4.88972699,-4.81113216,-4.770893495,-4.70324454,-4.61148196,396.0,55.937636733737385,0.018099733189914466,55.86482488,55.932245805,55.94151033,55.94919674,55.96198018
13,Ceredigion,887.0,-4.1905473215469,0.23192096577818755,-4.686504662,-4.363688723199999,-4.1087983646,-4.030005463549999,-3.2165687041,887.0,52.2568224318672,0.14691368368452395,52.039629786599995,52.11536173695,52.2398235337,52.4047991903,53.269187010299994,887.0,1.821871476888388,0.7029891783075811,0.0,2.0,2.0,2.0,14.0,887.0,310.0,0.0,310.0,310.0,310.0,310.0,310.0,887.0,523.0,0.0,523.0,523.0,523.0,523.0,523.0,0.0,,,,,,,,0.0,,,,,,,
130,Midlothian,715.0,-3.108720328371189,0.07040064961889846,-3.3101351152999996,-3.16403683505,-3.0966397764,-3.0542997196000004,-2.8733624033,715.0,55.867966714243636,0.025957518797987605,55.786799703199996,55.8497267542,55.8707699925,55.885694521649995,55.928242325,715.0,1.834965034965035,1.776175144244913,0.0,1.0,1.0,2.0,16.0,715.0,310.0,0.0,310.0,310.0,310.0,310.0,310.0,715.0,628.0,0.0,628.0,628.0,628.0,628.0,628.0,610.0,-3.109073598819672,0.07171849777978978,-3.31000322,-3.1656977599999996,-3.097638175,-3.05430109,-2.87366001,610.0,55.866434754573774,0.025820900737698622,55.7871752,55.84854205,55.86950257,55.88295848999999,55.92783778
131,Moray,750.0,-3.2554060091076003,0.2315761656542257,-3.7264930919999997,-3.378191880725,-3.2964991598499997,-3.034385930825,-2.7111287211,750.0,57.6081695765296,0.09281948172551488,57.2510881384,57.587468667799996,57.637685637749996,57.663034468125,57.7231444479,750.0,2.013333333333333,1.4207440211571403,0.0,1.0,2.0,3.0,10.0,750.0,310.0,0.0,310.0,310.0,310.0,310.0,310.0,750.0,638.0,0.0,638.0,638.0,638.0,638.0,638.0,0.0,,,,,,,,0.0,,,,,,,
132,North Ayrshire,1086.0,-4.802368602844107,0.18961771475789113,-5.3931225527999995,-4.86067212925,-4.7340761462,-4.66830022355,-4.5748434391,1086.0,55.66109767264889,0.0816615523161473,55.4417959883,55.618410840475,55.646403295949995,55.707941524424996,55.8727760495,1086.0,0.0,0.0,0.0,0.0,0.0,0.0,0.0,1086.0,310.0,0.0,310.0,310.0,310.0,310.0,310.0,1086.0,617.0,0.0,617.0,617.0,617.0,617.0,617.0,796.0,-4.810583935540201,0.20470882229666315,-5.39299018,-4.86344582,-4.72569027,-4.66514242,-4.57485674,796.0,55.65805475792714,0.08278924106538549,55.44183008,55.61520538,55.64544064,55.70856688,55.87253653
133,North Lanarkshire,1733.0,-3.9836500997225044,0.0756612667266193,-4.1635211393,-4.0373206153,-3.9900098244,-3.9471066677999995,-3.7472403488999997,1733.0,55.855907812054525,0.059810771300703974,55.7522200787,55.8119821716,55.8509241369,55.893276441000005,55.9894900143,1733.0,0.0,0.0,0.0,0.0,0.0,0.0,0.0,1733.0,310.0,0.0,310.0,310.0,310.0,310.0,310.0,1733.0,616.0,0.0,616.0,616.0,616.0,616.0,616.0,1242.0,-3.9808568568438005,0.07587450308925853,-4.15923355,-4.03634767,-3.98712395,-3.94405995,-3.74919698,1242.0,55.856275768824474,0.061076699919411045,55.75338662,55.810954195,55.85131656,55.89384795,55.98406483
134,Orkney Islands,745.0,-3.064085224702282,0.18277691171848684,-3.3446198978,-3.2344279795,-3.0578328999,-2.9435672998,-2.4307346987000003,745.0,58.97589279387692,0.0992082612177695,58.7399197519,58.9314159936,58.974501931499994,59.017544433199994,59.3691590161,745.0,2.0805369127516777,2.0897753471748612,0.0,1.0,1.0,3.0,10.0,745.0,310.0,0.0,310.0,310.0,310.0,310.0,310.0,745.0,602.0,0.0,602.0,602.0,602.0,602.0,602.0,527.0,-3.0916946827324483,0.2322282060991905,-5.51027688,-3.25633529,-3.09752941,-2.95118469,-2.43192774,527.0,58.73960720041746,1.2464032351434635,50.80580624,58.934288300000006,58.97879097,59.04222499,59.36842263
135,Perth & Kinross,2141.0,-3.548100003009155,0.25918526646194723,-4.5771921774,-3.7259337619,-3.4630734112,-3.4010655136000003,-3.054940696,2141.0,56.440410973566465,0.13444100105181617,56.146697592200006,56.3735149939,56.4042426937,56.542554395,56.8504341912,2141.0,1.8070994862213918,1.7835347775456158,0.0,1.0,1.0,3.0,13.0,2141.0,310.0,0.0,310.0,310.0,310.0,310.0,310.0,2141.0,648.0,0.0,648.0,648.0,648.0,648.0,648.0,837.0,-3.5639321798327366,0.27714324109291694,-4.50719154,-3.73348645,-3.46596254,-3.39769824,-3.05546457,837.0,56.45448152117085,0.1436685850631623,56.15327162,56.37907498,56.41142971,56.57192334,56.81242153
136,Renfrewshire,1018.0,-4.459346138430157,0.06177968276145908,-4.6329974138,-4.505575944325,-4.443600045949999,-4.4134436744,-4.3548947421,1018.0,55.85003453397819,0.026459540295530222,55.7688387799,55.831816465675,55.8459155129,55.86383263615,55.9177399433,1018.0,0.0,0.0,0.0,0.0,0.0,0.0,0.0,1018.0,310.0,0.0,310.0,310.0,310.0,310.0,310.0,1018.0,614.0,0.0,614.0,614.0,614.0,614.0,614.0,645.0,-4.465629203984496,0.06501313204050273,-4.63291185,-4.51396367,-4.44605195,-4.4209436,-4.35548065,645.0,55.84973825951937,0.02768493767999549,55.76884349,55.83115646,55.8454396,55.86396994,55.91692163
137,Shetland Islands,925.0,-1.2520462685792435,0.18281729453593976,-2.0558425884,-1.3485548672,-1.2725709205,-1.1599191948999998,-0.7504657168000001,925.0,60.27072749052325,0.2302495207744059,59.533970712700004,60.1349234206,60.2332411801,60.4266774952,60.80892927439999,925.0,0.6756756756756757,0.5018393685660302,0.0,0.0,1.0,1.0,2.0,925.0,310.0,0.0,310.0,310.0,310.0,310.0,310.0,925.0,603.0,0.0,603.0,603.0,603.0,603.0,603.0,801.0,-1.2648060670162296,0.17917168426811922,-2.0552655,-1.35617908,-1.28636663,-1.1723702,-0.74950363,801.0,60.26825679516854,0.2271651930864307,59.53537038,60.12873119,60.23837365,60.41706178,60.799057
138,South Ayrshire,896.0,-4.659225849566406,0.10027129590239424,-5.0475599379,-4.665031191000001,-4.62851537605,-4.607587672999999,-4.4246705443000005,896.0,55.4228555281125,0.11661496694597558,55.0080519653,55.41010176395,55.4541727907,55.489720113524996,55.5877757009,896.0,0.0,0.0,0.0,0.0,0.0,0.0,0.0,896.0,310.0,0.0,310.0,310.0,310.0,310.0,310.0,896.0,619.0,0.0,619.0,619.0,619.0,619.0,619.0,623.0,-4.663823548507223,0.10670175890290065,-5.04739386,-4.683305085000001,-4.6262053,-4.6073913399999995,-4.42469771,623.0,55.412302698234356,0.12293695118116418,55.00808183,55.352487115,55.44879878,55.48414437,55.58772259
139,South Lanarkshire,1613.0,-4.036587072180471,0.17044812996833128,-4.2424987631999995,-4.1799677303,-4.0736997716,-3.9207908074,-3.4256236508,1613.0,55.747572281124675,0.06533624059855249,55.4160686974,55.72798417560001,55.762186658000005,55.7880266499,55.8378605292,1613.0,0.0,0.0,0.0,0.0,0.0,0.0,0.0,1613.0,310.0,0.0,310.0,310.0,310.0,310.0,310.0,1613.0,615.0,0.0,615.0,615.0,615.0,615.0,615.0,1129.0,-4.0252229729938,0.17283611038617658,-4.23672876,-4.17417573,-4.06140379,-3.89570601,-3.42581015,1129.0,55.741441375261296,0.06793744179385781,55.43726368,55.71372042,55.7581748,55.77992193,55.83773181
14,Conwy,1091.0,-3.75749641143923,0.11662046934082088,-4.0189068488999995,-3.83136055245,-3.7942429636000004,-3.6842908002000003,-3.4662087824000003,1091.0,53.242369763091205,0.08466476684467489,52.988930528800005,53.19905126885,53.2826747001,53.29954008085,53.3413068154,1091.0,0.9917506874427131,0.8582710143751212,0.0,0.0,1.0,2.0,4.0,1091.0,310.0,0.0,310.0,310.0,310.0,310.0,310.0,1091.0,513.0,0.0,513.0,513.0,513.0,513.0,513.0,0.0,,,,,,,,0.0,,,,,,,
140,Stirling,682.0,-4.036542505220088,0.18422125849960574,-4.7221504411,-4.0829861288,-3.94554197495,-3.9285669873500004,-3.8325317595999997,682.0,56.13839405710322,0.07773999466045624,55.9802905196,56.09919817855,56.124179095049996,56.15501839890001,56.4782485046,682.0,1.8709677419354838,1.3099893853973132,0.0,1.0,1.0,2.0,13.0,682.0,310.0,0.0,310.0,310.0,310.0,310.0,310.0,682.0,660.0,0.0,660.0,660.0,660.0,660.0,660.0,484.0,-4.053137421508264,0.19504983553086358,-4.72198892,-4.1958154875,-3.94703787,-3.92885636,-3.84493108,484.0,56.137805675929755,0.08253094902267218,55.98029412,56.0994126025,56.12187515,56.148541975,56.47823397
141,West Lothian,985.0,-3.582656050284264,0.0824800345750059,-3.7775721808999996,-3.6463351816000005,-3.5803541353,-3.5123829020999997,-3.3934273717,985.0,55.8986513727933,0.035243639215337796,55.8226723382,55.878464684499995,55.8967229072,55.9076458124,55.9955138362,985.0,3.1096446700507614,1.5526525872000936,0.0,2.0,3.0,4.0,11.0,985.0,310.0,0.0,310.0,310.0,310.0,310.0,310.0,985.0,629.0,0.0,629.0,629.0,629.0,629.0,629.0,61.0,-3.5793806632786884,0.09810161084843705,-3.73328313,-3.65645373,-3.58043733,-3.51246486,-3.39358654,61.0,55.894108227704926,0.024043749244144916,55.82883492,55.88757844,55.90112671,55.90239367,55.93172798
142,Western Isles,1771.0,-6.819618086167024,0.44558309579879696,-7.5435964712,-7.3231337897,-6.7732774324000005,-6.3864759386,-6.1440673396,1771.0,57.89608454220983,0.4530492270436532,56.91930828,57.539802333699996,58.1116251145,58.2406351603,58.50281194,1771.0,0.10897797854319594,0.4369690483687553,0.0,0.0,0.0,0.0,6.0,1771.0,310.0,0.0,310.0,310.0,310.0,310.0,310.0,1771.0,601.0,0.0,601.0,601.0,601.0,601.0,601.0,1590.0,-6.830752722534592,0.4410440185222216,-7.54327167,-7.32549837,-6.78064672,-6.38997343,-6.15542925,1590.0,57.88850444584276,0.4474945347885674,56.927468,57.53112479,58.09725262,58.23475343,58.49182157
145,National - National Air,79.0,-2.432469451027215,2.1813222927042686,-7.4491345811,-3.3901015004,-2.1577646799,-0.62024543455,1.3580645963,79.0,54.28654629165822,3.289512029814291,49.9137945499,51.4702572279,53.3605806721,56.813287125900004,60.4253116261,79.0,2.9746835443037973,1.1432598863787105,1.0,2.0,3.0,3.0,7.0,79.0,261.0759493670886,83.82502718986747,1.0,254.0,310.0,310.0,310.0,79.0,920.0,0.0,920.0,920.0,920.0,920.0,920.0,78.0,-2.4053207871794866,2.182274017043352,-7.44989747,-3.3574415075,-2.10651262,-0.553528945,1.3580914,78.0,54.29985281897436,3.308652595019713,49.91378634,51.4698568175,53.36086202,56.9195951525,60.42699696
146,National - National Ferry,826.0,-2.9352793189416704,2.1485228671755627,-7.4882517416,-4.6822291196000005,-3.0872768525999996,-1.1576410185500001,1.66783861683,826.0,53.25104967699152,2.8507738500179225,49.896011887,50.894367795324996,51.5069122279,55.87334969060001,60.6831204866,826.0,1.824455205811138,1.0648920872017915,0.0,1.0,2.0,2.0,8.0,826.0,263.10290556900725,83.30034925188987,2.0,238.0,310.0,310.0,310.0,826.0,930.0,0.0,930.0,930.0,930.0,930.0,930.0,819.0,-2.9401238761416364,2.1526096304069573,-7.48821573,-4.689498524999999,-3.08964127,-1.154110935,1.66786733,819.0,53.247927245103774,2.8605586005389503,49.896004,50.87070246,51.50659769,55.87596119,60.68313753
147,National - National Tram,2421.0,-1.177012276980409,1.2259535274391322,-4.7614104134,-2.117652091,-1.1599976767,-0.1330683246,1.40873000252,2421.0,52.62375252594605,1.3695759799842708,50.348781909799996,51.5130557597,52.0211497255,53.4746616953,57.5437008196,2421.0,1.983064849235853,1.0856512801038767,0.0,1.0,2.0,3.0,8.0,2421.0,265.13795952085917,61.55957915509234,4.0,256.0,282.0,303.0,310.0,2421.0,940.0,0.0,940.0,940.0,940.0,940.0,940.0,2415.0,-1.1770385916397517,1.2275978179096938,-5.23303181,-2.11764575,-1.15999069,-0.13253101,1.40824737,2415.0,52.626639410227746,1.366967492205157,50.34876335,51.51338883,52.38364537,53.47437237,57.54368319
15,Darlington,666.0,-1.5498789494507508,0.04084424393284606,-1.6894415799,-1.5766551991250002,-1.55051415805,-1.5274379184,-1.4221071895,666.0,54.532515705980785,0.020713152516775836,54.483012387399995,54.5209161519,54.530464445700005,54.541343066950006,54.610370187,666.0,3.3378378378378377,1.933863827415777,0.0,2.0,3.0,4.0,12.0,666.0,310.0,0.0,310.0,310.0,310.0,310.0,310.0,666.0,76.0,0.0,76.0,76.0,76.0,76.0,76.0,469.0,-1.5529251941577826,0.036431441777352525,-1.68928149,-1.57557655,-1.55133586,-1.53150074,-1.42532236,469.0,54.53141707420043,0.01979083691643895,54.48311085,54.52040372,54.52964208,54.53967617,54.61034197
151,Central Bedfordshire,1753.0,-0.451432941260867,0.14306165674212948,-0.694615173,-0.5531756841,-0.49190281799999996,-0.3057827503,-0.1505280185,1753.0,51.98827729103429,0.08487715959946557,51.82647420520001,51.911892386000005,52.0019256531,52.056550280299994,52.1729658815,1753.0,2.602395892755277,1.4003974356884064,0.0,2.0,3.0,3.0,9.0,1753.0,310.0,0.0,310.0,310.0,310.0,310.0,310.0,1753.0,21.0,0.0,21.0,21.0,21.0,21.0,21.0,402.0,-0.4529050395771145,0.1408553835631777,-0.68536303,-0.54145279,-0.49225908,-0.3107706225,-0.16291918,402.0,51.9808832364179,0.07847461786949461,51.83029938,51.913020725,52.00301748,52.036018202499996,52.17103563
152,Cheshire West & Chester,2349.0,-2.7781751079281825,0.16986109155132162,-3.0884444346,-2.9050444495,-2.8352697326999996,-2.6138140128,-2.3715998479,2349.0,53.22190843028434,0.05855098244922328,52.9886444304,53.1900877558,53.2233731407,53.2704506341,53.326189844700004,2349.0,3.6368667518092805,2.188054854361659,0.0,2.0,3.0,5.0,21.0,2349.0,310.0,0.0,310.0,310.0,310.0,310.0,310.0,2349.0,61.0,0.0,61.0,61.0,61.0,61.0,61.0,1943.0,-2.7840577603345342,0.16861601840831925,-3.08836745,-2.908600475,-2.84916731,-2.64350949,-2.38368368,1943.0,53.221984988960365,0.057678404673414875,52.9887209,53.190198699999996,53.22144058,53.27045656,53.32618654
16,Denbighshire,832.0,-3.392161702264663,0.09239398395510197,-3.5561968692000003,-3.4638834988999996,-3.4149501915,-3.346583127925,-3.0887232013,832.0,53.2020039993774,0.12440064217247476,52.8712566049,53.113971780374996,53.230011185550005,53.31864114729999,53.3463573333,832.0,0.7295673076923077,0.6991077726464584,0.0,0.0,1.0,1.0,5.0,832.0,310.0,0.0,310.0,310.0,310.0,310.0,310.0,832.0,511.0,0.0,511.0,511.0,511.0,511.0,511.0,0.0,,,,,,,,0.0,,,,,,,
17,Derby,1260.0,-1.4723326044339684,0.0381472626672987,-1.5543247081,-1.4994441217749999,-1.4753652899,-1.44154011195,-1.385751549,1260.0,52.914387699621194,0.021232738770731282,52.8627003819,52.899169504775,52.915481801750005,52.928333812675,52.9585852766,1260.0,2.346825396825397,1.729856794264619,0.0,1.0,2.0,3.0,15.0,1260.0,310.0,0.0,310.0,310.0,310.0,310.0,310.0,1260.0,109.0,0.0,109.0,109.0,109.0,109.0,109.0,1052.0,-1.4718271927376425,0.037867909151207704,-1.55421797,-1.4987682,-1.47445172,-1.44178244,-1.38592744,1052.0,52.91452458687262,0.021671650024668046,52.86281533,52.899172192500004,52.9154827,52.929373934999994,52.95842858
18,East Riding of Yorkshire,2026.0,-0.4523934623611402,0.26576502821200787,-1.0852150592,-0.6313117048,-0.43396313329999997,-0.21685353189999998,0.1437839302,2026.0,53.844750041013576,0.13095829121463323,53.578047840299995,53.73835328255001,53.799416984299995,53.931950090875006,54.146061894300004,2026.0,0.0,0.0,0.0,0.0,0.0,0.0,0.0,2026.0,310.0,0.0,310.0,310.0,310.0,310.0,310.0,2026.0,220.0,0.0,220.0,220.0,220.0,220.0,220.0,5.0,-0.42323708800000004,0.0003409682464981244,-0.4236106,-0.4236106,-0.42298808,-0.42298808,-0.42298808,5.0,53.842136072,0.00021214390097373518,53.84190368,53.84190368,53.842291,53.842291,53.842291
19,Flintshire,1231.0,-3.116438949228513,0.09903364247032537,-3.3896817099,-3.1884635339,-3.0955220599,-3.0425312431,-2.9205365937,1231.0,53.206066254566046,0.05694139946023241,53.0865589151,53.167539477400005,53.19635449729999,53.24225036520001,53.3496706934,1231.0,0.8984565393988627,0.5275399783909248,0.0,1.0,1.0,1.0,3.0,1231.0,310.0,0.0,310.0,310.0,310.0,310.0,310.0,1231.0,512.0,0.0,512.0,512.0,512.0,512.0,512.0,0.0,,,,,,,,0.0,,,,,,,
2,Blackburn with Darwen,991.0,-2.4738165535246215,0.028233371280307243,-2.5507571891,-2.4919431425000003,-2.4746966975999998,-2.45900611785,-2.3744386751,991.0,53.72621149043885,0.03283843695035218,53.6227586354,53.7029530513,53.7344753785,53.74948915675,53.780671213999995,991.0,1.4480322906155398,1.1214500276930883,0.0,1.0,1.0,2.0,9.0,991.0,305.0554994954591,30.914870854121645,104.0,310.0,310.0,310.0,310.0,991.0,258.0,0.0,258.0,258.0,258.0,258.0,258.0,10.0,-2.49293869,0.040423850613991875,-2.54412125,-2.5183766,-2.490426705,-2.468483095,-2.41454279,10.0,53.72083354,0.0284285315825749,53.65599087,53.706280667499996,53.731928374999995,53.7348248625,53.74652959
20,Gwynedd,1929.0,-4.170925753708346,0.2226551866674128,-4.7488281723000005,-4.2782405494999995,-4.151083112799999,-4.0630941829000005,-3.4511738797000002,1929.0,52.97352680574075,0.17656860171145278,52.5442186469,52.8565263219,52.9575101023,53.1397330726,53.323956468199995,1929.0,1.0305857957490927,0.8615806899507787,0.0,1.0,1.0,1.0,22.0,1929.0,310.0,0.0,310.0,310.0,310.0,310.0,310.0,1929.0,540.0,0.0,540.0,540.0,540.0,540.0,540.0,0.0,,,,,,,,0.0,,,,,,,
21,Halton,672.0,-2.718206196563839,0.03772818874167324,-2.8210138875,-2.7410045215,-2.7227316602,-2.6954990287999996,-2.6246466012000003,672.0,53.348366410941814,0.022392052009409736,53.307341093199994,53.32949976214999,53.342995911749995,53.3695930931,53.399747454300005,672.0,1.1488095238095237,6.350788707677684,0.0,0.0,0.0,0.0,110.0,672.0,310.0,0.0,310.0,310.0,310.0,310.0,310.0,672.0,68.0,0.0,68.0,68.0,68.0,68.0,68.0,2.0,-2.7648209550000002,0.012219194087633315,-2.77346123,-2.7691410925,-2.7648209550000002,-2.7605008175,-2.75618068,2.0,53.372664805,0.0033856626236616143,53.37027078,53.3714677925,53.372664805,53.3738618175,53.37505883
22,Hartlepool,737.0,-1.2277687585694708,0.023807452604331283,-1.3529812298,-1.2405438732,-1.2265917839,-1.2126915294,-1.1820013084,737.0,54.68005778041791,0.01964116338857432,54.624771093599996,54.6622668389,54.6835956022,54.6944578279,54.722121189700005,737.0,2.0868385345997287,1.1600472803483064,0.0,2.0,2.0,2.0,8.0,737.0,310.0,0.0,310.0,310.0,310.0,310.0,310.0,737.0,75.0,0.0,75.0,75.0,75.0,75.0,75.0,647.0,-1.2282173014064917,0.023069285787969344,-1.34558154,-1.240878535,-1.22721028,-1.213707195,-1.18448893,647.0,54.68011787370943,0.019674971731688966,54.62499827,54.66193092,54.68253174,54.69474349,54.72194933
23,Herefordshire,1801.0,-2.7050999973267076,0.15936723676040696,-3.1192763583,-2.7864821229000003,-2.7114940225,-2.5963800114,-2.3391584118,1801.0,52.06095572830789,0.10336847255853558,51.8431933118,52.002195825600005,52.057376992200005,52.114104016300004,52.364458098,1801.0,1.7767906718489728,2.0696577615746694,0.0,0.0,1.0,2.0,25.0,1801.0,309.7867851193781,6.396445431550294,118.0,310.0,310.0,310.0,310.0,1801.0,209.0,0.0,209.0,209.0,209.0,209.0,209.0,37.0,-2.6615433205405408,0.1113594849229003,-2.73158493,-2.71327954,-2.70911842,-2.70849648,-2.35839551,37.0,52.07811652864864,0.05089994198151775,52.04418734,52.05801107,52.05853855,52.06071804,52.22567488
24,Isle of Anglesey,790.0,-4.370505232429873,0.1561109454701576,-4.6906025175999995,-4.506697294775,-4.3461091723,-4.241236440275,-4.0563359805,790.0,53.279151963580254,0.0619019454519838,53.15809075520001,53.23194255505,53.2737839117,53.3116475466,53.420985826499994,790.0,0.8088607594936709,0.5111407440049481,0.0,1.0,1.0,1.0,3.0,790.0,310.0,0.0,310.0,310.0,310.0,310.0,310.0,790.0,541.0,0.0,541.0,541.0,541.0,541.0,541.0,0.0,,,,,,,,0.0,,,,,,,
25,Isle of Wight,1337.0,-1.2756186284725506,0.1153556444194685,-1.5798481783000002,-1.3205569901,-1.2722294631,-1.1799077313,-1.079004405,1337.0,50.676718269072325,0.04423934282452734,50.579073871300004,50.6461970428,50.681765113699996,50.7062360135,50.766310959799995,1337.0,12.12715033657442,16.565023041196653,0.0,3.0,6.0,15.0,96.0,1337.0,310.0,0.0,310.0,310.0,310.0,310.0,310.0,1337.0,230.0,0.0,230.0,230.0,230.0,230.0,230.0,34.0,-1.209233385882353,0.07816857560150316,-1.50048762,-1.2903825925,-1.1614784500000002,-1.15946615,-1.1387119,34.0,50.71412501117646,0.03352618721311195,50.63389681,50.69812754,50.728413520000004,50.73271059,50.76240476
26,Kingston upon Hull,1488.0,-0.33606203021229836,0.04122290095932654,-0.4201642407,-0.36622976555,-0.33843127525,-0.30768792755,-0.24977871670000001,1488.0,53.76282807256552,0.019635691876705604,53.721833725799996,53.745515188249996,53.761755970050004,53.777955012675,53.811994886099995,1488.0,0.0,0.0,0.0,0.0,0.0,0.0,0.0,1488.0,310.0,0.0,310.0,310.0,310.0,310.0,310.0,1488.0,229.0,0.0,229.0,229.0,229.0,229.0,229.0,41.0,-0.3472017007317073,0.0004310889113476967,-0.34732134,-0.34732134,-0.34732134,-0.34732134,-0.34568627,41.0,53.74459035756097,0.00011970839738284158,53.74416954,53.74462358,53.74462358,53.74462358,53.74462358
27,Leicester,1469.0,-1.1324391109616065,0.17148118851970948,-7.55706363,-1.153928692,-1.1317947501999999,-1.1011312409,-1.0482103133,1469.0,52.63336399760047,0.07745548453487364,49.7668152021,52.624016648,52.6372005034,52.6489714864,52.685838023900004,1469.0,2.174948944860449,1.491583590827889,0.0,1.0,2.0,3.0,18.0,1469.0,304.02450646698435,41.40592171057716,16.0,310.0,310.0,310.0,310.0,1469.0,269.0,0.0,269.0,269.0,269.0,269.0,269.0,105.0,-1.133066639142857,0.008456321122248422,-1.17972074,-1.13375123,-1.13130098,-1.12991541,-1.12517613,105.0,52.637819589904765,0.005890020965176371,52.62569327,52.63662443,52.63792297,52.6395681,52.6671479
28,Luton,783.0,-0.4263011402528735,0.03293116752425502,-0.5046062412,-0.45164753015000003,-0.4222170517,-0.401860612,-0.36299426009999997,783.0,51.893836025067685,0.014243247949350106,51.86218715060001,51.882076380399994,51.893361114399994,51.90431071009999,51.9264612829,783.0,3.412515964240102,1.8345077263098668,0.0,2.0,3.0,5.0,12.0,783.0,310.0,0.0,310.0,310.0,310.0,310.0,310.0,783.0,29.0,0.0,29.0,29.0,29.0,29.0,29.0,119.0,-0.41312481932773115,0.031163376007412678,-0.49818088,-0.42365367,-0.41501048,-0.37589797,-0.3741726,119.0,51.884682566302516,0.009825875058442042,51.87151362,51.87917533,51.88103673,51.884652525,51.90738977
29,Medway,1126.0,0.5381989001336768,0.04510019379145623,0.42624634159999997,0.5077505703899999,0.5332701898500001,0.5698376363525001,0.71667877179,1126.0,51.3780896379103,0.0272775040543926,51.330978952799995,51.35833497470001,51.3747681692,51.391466797350006,51.4737864872,1126.0,3.8925399644760215,1.7312801521036645,0.0,3.0,4.0,5.0,14.0,1126.0,310.0,0.0,310.0,310.0,310.0,310.0,310.0,1126.0,249.0,0.0,249.0,249.0,249.0,249.0,249.0,82.0,0.5334010390243902,0.04770794675773625,0.44186643,0.50096195,0.545024645,0.5596215775,0.61192946,82.0,51.37815110999999,0.016798784099949816,51.34555202,51.365627835,51.38037603,51.3878899275,51.42080291
3,Blackpool,865.0,-3.0361852072425433,0.0158424907911343,-3.0583860549,-3.0502322218,-3.0379872332,-3.0257088652,-2.9865585635,865.0,53.82005946188127,0.026170612893278378,53.7752510295,53.7994510833,53.8178125167,53.8363653326,53.8744665574,865.0,2.993063583815029,1.6955682912944439,0.0,2.0,3.0,4.0,12.0,865.0,310.0,0.0,310.0,310.0,310.0,310.0,310.0,865.0,259.0,0.0,259.0,259.0,259.0,259.0,259.0,8.0,-3.04557434,0.009824878671153352,-3.05380416,-3.0505157925,-3.04927076,-3.0442868825000002,-3.02998562,8.0,53.808288162500006,0.023049901266768598,53.77677785,53.78824437,53.810274925,53.8252656575,53.83528079
30,Merthyr Tydfil,548.0,-3.3632603394370433,0.036708494603476,-3.826269066,-3.38256715965,-3.3676302731,-3.34551267795,-3.2871333380000003,548.0,51.73485509272464,0.03709400438776344,51.625863208999995,51.7097433037,51.74834267815,51.762321804875,51.809048245,548.0,1.9653284671532847,0.6656102488915386,0.0,2.0,2.0,2.0,4.0,548.0,310.0,0.0,310.0,310.0,310.0,310.0,310.0,548.0,553.0,0.0,553.0,553.0,553.0,553.0,553.0,0.0,,,,,,,,0.0,,,,,,,
31,Middlesbrough,791.0,-1.2270473660139065,0.024556567318581756,-1.2711486539,-1.24652536945,-1.2315126845,-1.2091890342,-1.1663089995,791.0,54.55196470066435,0.019152936119378156,54.5090355494,54.5358461651,54.554255231300004,54.567342953,54.5885947287,791.0,2.7509481668773703,1.6311589375620046,0.0,2.0,3.0,4.0,12.0,791.0,310.0,0.0,310.0,310.0,310.0,310.0,310.0,791.0,79.0,0.0,79.0,79.0,79.0,79.0,79.0,702.0,-1.2274594534045584,0.02423426112765506,-1.2708366,-1.246313325,-1.23125334,-1.20987872,-1.16638932,702.0,54.55154192290598,0.018836247522376864,54.50905622,54.53601087,54.55428395,54.56695971,54.58813081
32,Milton Keynes,1344.0,-0.7499348171752975,0.044405943118819555,-0.8552368336,-0.781307537925,-0.75165492225,-0.7204630707749999,-0.6100677170000001,1344.0,52.04053810822626,0.037219302436098625,51.9711530512,52.01377110405,52.03522626105,52.058268876825004,52.173002913199994,1344.0,3.28125,1.9566575927381002,0.0,2.0,3.0,4.0,17.0,1344.0,310.0,0.0,310.0,310.0,310.0,310.0,310.0,1344.0,49.0,0.0,49.0,49.0,49.0,49.0,49.0,184.0,-0.7402512773369566,0.04432628410688965,-0.83275971,-0.76885794,-0.74599145,-0.70144712,-0.63991222,184.0,52.043179654347824,0.04058992135685877,51.9893456,52.016056754999994,52.03909807,52.05298714,52.16291484
33,Monmouthshire,1009.0,-2.836781716924777,0.13193839101883673,-3.1486478749,-2.9554219926,-2.7973349509,-2.7198196776,-2.6643917109,1009.0,51.7359283244772,0.0922959992861065,51.5671417015,51.64757590399999,51.750361831499994,51.8143323388,51.9431913302,1009.0,2.140733399405352,0.7842799860460175,0.0,2.0,2.0,3.0,9.0,1009.0,310.0,0.0,310.0,310.0,310.0,310.0,310.0,1009.0,533.0,0.0,533.0,533.0,533.0,533.0,533.0,0.0,,,,,,,,0.0,,,,,,,
34,Neath Port Talbot,1314.0,-3.779294792319711,0.06524158017974321,-3.8871862414,-3.82001820605,-3.7968647144,-3.751605137975,-3.5881807553,1314.0,51.66391031384361,0.05760179207310531,51.5221311598,51.618392829025,51.6543265743,51.707112604799995,51.8062605883,1314.0,1.556316590563166,0.5738212344118496,0.0,1.0,2.0,2.0,4.0,1314.0,310.0,0.0,310.0,310.0,310.0,310.0,310.0,1314.0,582.0,0.0,582.0,582.0,582.0,582.0,582.0,0.0,,,,,,,,0.0,,,,,,,
35,Newport,859.0,-2.9900122164116416,0.046079708200558483,-3.1185390994,-3.01897387175,-2.9969660373,-2.96228132765,-2.8304748249,859.0,51.588126525723865,0.017854472911229824,51.51567703560001,51.57841872269999,51.5885559376,51.59760337495,51.625723183000005,859.0,1.9720605355064027,1.149302744361112,0.0,1.0,2.0,2.0,16.0,859.0,310.0,0.0,310.0,310.0,310.0,310.0,310.0,859.0,531.0,0.0,531.0,531.0,531.0,531.0,531.0,24.0,-2.9947175225,0.0006437960159071369,-2.99553116,-2.99553116,-2.99422934,-2.99422934,-2.99422934,24.0,51.58810816375,0.0007149052546080479,51.58756606,51.58756606,51.58756606,51.58901167,51.58901167
36,North East Lincolnshire,802.0,-0.09223619689244389,0.05243423720122811,-0.2698315477,-0.11560327605,-0.09203345569999999,-0.052557173275,0.015030267869999997,802.0,53.55623186586272,0.02461286847084356,53.4554384453,53.54124429984999,53.5560317603,53.56776029985,53.6299169599,802.0,3.809226932668329,1.8842310745884545,0.0,3.0,3.0,5.0,14.0,802.0,310.0,0.0,310.0,310.0,310.0,310.0,310.0,802.0,228.0,0.0,228.0,228.0,228.0,228.0,228.0,342.0,-0.11564919766081871,0.05990292575623062,-0.26958147,-0.16063458,-0.10733002,-0.069655035,0.0027622,342.0,53.563860208567256,0.029971152460116553,53.45546894,53.542680475,53.56622396,53.578884557500004,53.62376502
37,North Lincolnshire,1249.0,-0.6180703086102481,0.13286110182160468,-0.9893315583,-0.677737563,-0.6464396626,-0.5456018508,-0.26004373940000003,1249.0,53.585327038059255,0.05201037739899086,53.4607959882,53.557749496099994,53.577302744799994,53.616777676800005,53.71231678229999,1249.0,3.0520416333066454,1.750827939183132,0.0,2.0,3.0,4.0,21.0,1249.0,310.0,0.0,310.0,310.0,310.0,310.0,310.0,1249.0,227.0,0.0,227.0,227.0,227.0,227.0,227.0,821.0,-0.6233361557612668,0.12683371690288728,-0.92917116,-0.67783855,-0.64818552,-0.55920449,-0.2599501,821.0,53.58531426878198,0.05096306277737291,53.46344757,53.55938516,53.5768934,53.61528814,53.7083108
38,North Somerset,1376.0,-2.8481028516476017,0.09878814440395697,-2.9941740647,-2.9422303349,-2.8525193366500003,-2.7643183172250003,-2.6260697503,1376.0,51.388664052048625,0.05386313836329741,51.2956855537,51.346004847275,51.36763967765,51.434030083725006,51.494868941899995,1376.0,13.395348837209303,17.1972287457244,0.0,5.75,10.0,15.0,157.0,1376.0,310.0,0.0,310.0,310.0,310.0,310.0,310.0,1376.0,19.0,0.0,19.0,19.0,19.0,19.0,19.0,15.0,-2.8709376846666665,0.08146870614500344,-2.98904006,-2.909597685,-2.90956891,-2.8398817,-2.71092714,15.0,51.39053051199999,0.0449731410894078,51.34431452,51.36020354,51.3623753,51.427460885,51.49486578
39,Nottingham,1818.0,-1.174714791738339,0.030591317946590008,-1.2451983575,-1.1950193714,-1.17419589605,-1.1513162306,-1.0924344308,1818.0,52.963235516139,0.027320114390933483,52.8925428009,52.949182154649996,52.96271455035,52.982239803225,53.0174997888,1818.0,1.5176017601760177,1.5928321736258255,0.0,0.0,1.0,2.0,10.0,1818.0,298.6237623762376,49.070247476222654,86.0,310.0,310.0,310.0,310.0,1818.0,339.0,0.0,339.0,339.0,339.0,339.0,339.0,1647.0,-1.175036115822708,0.030837142565874727,-1.24519533,-1.1958105300000001,-1.17396866,-1.15077388,-1.0961027,1647.0,52.9641925559745,0.027194843826900815,52.89255166,52.94956214,52.96354046,52.982881945,53.01748067
4,Blaenau Gwent,545.0,-3.1933568486497244,0.042566510405548805,-3.2780366307,-3.2299149547000003,-3.2022083677999995,-3.1506996458999996,-3.1270316118,545.0,51.76395665078385,0.028033885070971796,51.6824251424,51.7422254487,51.77170161229999,51.7855099524,51.807946384,545.0,2.020183486238532,0.7654991422981136,0.0,2.0,2.0,2.0,6.0,545.0,310.0,0.0,310.0,310.0,310.0,310.0,310.0,545.0,532.0,0.0,532.0,532.0,532.0,532.0,532.0,0.0,,,,,,,,0.0,,,,,,,
40,Pembrokeshire,1014.0,-4.900861841990139,0.16018330582414025,-5.3077648612,-4.995896940525,-4.9311006778,-4.7449204280499995,-4.5268521572000004,1014.0,51.7987041529356,0.11957479194125709,51.5992830062,51.69888491787499,51.773192744650004,51.887250936875,52.104073971400005,1014.0,1.6637080867850098,0.7950516119970329,0.0,1.0,2.0,2.0,13.0,1014.0,310.0,0.0,310.0,310.0,310.0,310.0,310.0,1014.0,521.0,0.0,521.0,521.0,521.0,521.0,521.0,0.0,,,,,,,,0.0,,,,,,,
41,Peterborough,1051.0,-0.2596447844120837,0.054787095840630406,-0.4844823275,-0.2775245737,-0.2538562846,-0.23402947715,-0.054941862599999995,1051.0,52.588714243250045,0.02895684342724785,52.528875579399994,52.5641724203,52.5882989364,52.608702418449994,52.6706703337,1051.0,2.570884871550904,1.9855355705629936,0.0,1.0,2.0,3.0,12.0,1051.0,309.60608943862985,9.025620729350878,103.0,310.0,310.0,310.0,310.0,1051.0,59.0,0.0,59.0,59.0,59.0,59.0,59.0,717.0,-0.2622644035704323,0.05659304807526395,-0.48426474,-0.28114197,-0.25334117,-0.23395549,-0.05900715,717.0,52.587908162538355,0.028121758139700484,52.54108653,52.56323503,52.58541102,52.60616239,52.67042979
42,Plymouth,1849.0,-4.127022190148134,0.038770677650869785,-4.2018696918,-4.1566643888,-4.1317165174,-4.1024637927,-4.0228225877999995,1849.0,50.39118951642888,0.021243486188277858,50.3429249119,50.374988960299994,50.390537552299996,50.4067873279,50.4416469677,1849.0,6.172525689561925,13.113762233063367,0.0,0.0,5.0,5.0,137.0,1849.0,309.92752839372633,3.116279069767443,176.0,310.0,310.0,310.0,310.0,1849.0,118.0,0.0,118.0,118.0,118.0,118.0,118.0,13.0,-4.1670809900000005,0.0379062770456369,-4.26788542,-4.17962857,-4.16512945,-4.1433495,-4.11225871,13.0,50.50970535230769,0.4717472744467566,50.36100834,50.36559302,50.37781147,50.38986434,52.07868998
43,Poole,895.0,-1.96256840506257,0.03181923757118651,-2.0328287134,-1.98540307485,-1.966467473,-1.93596462625,-1.8925799729,895.0,50.73604719370347,0.020409094553371473,50.6832134451,50.72127939805,50.7345875126,50.7484207288,50.7909453279,895.0,5.66927374301676,14.007193143624049,0.0,0.0,0.0,7.0,111.0,895.0,310.0,0.0,310.0,310.0,310.0,310.0,310.0,895.0,128.0,0.0,128.0,128.0,128.0,128.0,128.0,8.0,-1.96925819375,0.03170881729286625,-2.01935125,-1.9873784749999999,-1.969825025,-1.9485124925,-1.91974904,8.0,50.71088871875,0.016630958324367746,50.6833985,50.703657930000006,50.71564424,50.723519765,50.72695117
44,Portsmouth,585.0,-1.074230128925641,0.018899525947858823,-1.115151857,-1.0878332495,-1.0743094157,-1.0614595628,-1.0278685592,585.0,50.81507036095846,0.024396806745050095,50.779435599799996,50.79347758189999,50.8089081035,50.8419023467,50.8549169305,585.0,5.5606837606837605,12.428707360580924,0.0,0.0,0.0,8.0,82.0,585.0,310.0,0.0,310.0,310.0,310.0,310.0,310.0,585.0,199.0,0.0,199.0,199.0,199.0,199.0,199.0,12.0,-1.0838967741666667,0.02398282455128385,-1.10919001,-1.1014976774999998,-1.08997843,-1.0723053949999999,-1.02977671,12.0,50.802205110833334,0.01697937112660016,50.78514457,50.7954670025,50.796773825,50.801687405,50.84191312
45,Powys,1386.0,-3.3756935357364357,0.22492884736177135,-4.0593877667000005,-3.5159883503,-3.33703562225,-3.1870461222,-2.9471707605,1386.0,52.31729771116415,0.3218582080523537,51.7566085888,52.005571612400004,52.34343773095,52.590836799950004,52.8805839017,1386.0,1.4841269841269842,0.965151189462267,0.0,1.0,1.0,2.0,15.0,1386.0,310.0,0.0,310.0,310.0,310.0,310.0,310.0,1386.0,561.0,0.0,561.0,561.0,561.0,561.0,561.0,0.0,,,,,,,,0.0,,,,,,,
46,Reading,721.0,-0.9821890109979197,0.02854679310141832,-1.0505089067,-0.9975301732999999,-0.9737723206000001,-0.9618527298,-0.931236429,721.0,51.45342377743204,0.01711216276527852,51.413867328900004,51.4439277567,51.4540901961,51.4641443371,51.4929476625,721.0,2.0790568654646324,4.291867917395983,0.0,1.0,1.0,2.0,84.0,721.0,310.0,0.0,310.0,310.0,310.0,310.0,310.0,721.0,39.0,0.0,39.0,39.0,39.0,39.0,39.0,661.0,-0.9826371267019666,0.028925052790370064,-1.05047337,-1.00073586,-0.97367276,-0.96191504,-0.9318749,661.0,51.45298235919819,0.016736277028200876,51.41665937,51.44355243,51.45413743,51.46254208,51.49146514
47,Redcar & Cleveland,985.0,-1.050415991805076,0.08546348687666085,-1.1894673822,-1.1242026574,-1.0583019409,-0.9853815985,-0.8179364077,985.0,54.56542285274548,0.028210927268159033,54.5004350409,54.5420154928,54.563396130200005,54.587837164899994,54.6205966837,985.0,1.9461928934010153,0.8846869269347674,0.0,2.0,2.0,2.0,7.0,985.0,310.0,0.0,310.0,310.0,310.0,310.0,310.0,985.0,78.0,0.0,78.0,78.0,78.0,78.0,78.0,828.0,-1.0505248605917876,0.08430070863014104,-1.18944944,-1.11440755,-1.05868088,-0.985012,-0.81933454,828.0,54.56528110724638,0.028554523507287027,54.50051096,54.54095251,54.56316889,54.58791309,54.6186915
48,Rhondda Cynon Taff,1701.0,-3.4098971840971783,0.06830178081032381,-3.5754130328,-3.4537232274000003,-3.4193464066000003,-3.3502222888,-3.2565007457,1701.0,51.629853920935034,0.06044430916457087,51.5130633279,51.5866615494,51.621491645,51.674991211400005,51.8075723228,1701.0,1.6684303350970018,0.6357000351602712,0.0,1.0,2.0,2.0,5.0,1701.0,310.0,0.0,310.0,310.0,310.0,310.0,310.0,1701.0,552.0,0.0,552.0,552.0,552.0,552.0,552.0,0.0,,,,,,,,0.0,,,,,,,
49,Rutland,244.0,-0.6618798579397541,0.08524033062423068,-0.7983543251,-0.7274424831999999,-0.6797094236500001,-0.6077835576499999,-0.4536353058,244.0,52.655244755836065,0.046554069784702806,52.5326931379,52.620111350849996,52.667078951,52.682041399199996,52.7515744864,244.0,5.221311475409836,3.8703522134934034,0.0,3.0,4.0,7.0,33.0,244.0,310.0,0.0,310.0,310.0,310.0,310.0,310.0,244.0,268.0,0.0,268.0,268.0,268.0,268.0,268.0,4.0,-0.73416649,0.0005269026321184332,-0.73491353,-0.73434896,-0.7339783,-0.73379583,-0.73379583,4.0,52.67203464000001,0.00019117857777496773,52.67177291,52.671993207499995,52.67206664,52.672108072499995,52.67223237
5,Bournemouth,890.0,-1.8681247527928089,0.03636331866973179,-1.9311792496,-1.895895363125,-1.87267622665,-1.844556832525,-1.7436201296,890.0,50.74002814954079,0.016714185078359187,50.710771191599996,50.72432928619999,50.7380614642,50.754692475375,50.7719805774,890.0,3.696629213483146,8.220532463250057,0.0,0.0,0.0,4.0,73.0,890.0,310.0,0.0,310.0,310.0,310.0,310.0,310.0,890.0,129.0,0.0,129.0,129.0,129.0,129.0,129.0,5.0,-1.8007321539999999,0.04609714731148152,-1.86449465,-1.82509448,-1.79031653,-1.78075564,-1.74299947,5.0,50.72757601400001,0.00402358646787163,50.72080732,50.72726032,50.72907655,50.72966055,50.73107533
50,Slough,425.0,-0.5928617970496471,0.03961539432880603,-0.6601020433,-0.6275916545,-0.5929123975,-0.5638804050999999,-0.5082993686,425.0,51.51237770844941,0.013876809086799603,51.4702870706,51.504675273100005,51.5120603099,51.52273846560001,51.5378495417,425.0,2.068235294117647,1.4945034327641542,0.0,1.0,2.0,3.0,11.0,425.0,310.0,0.0,310.0,310.0,310.0,310.0,310.0,425.0,37.0,0.0,37.0,37.0,37.0,37.0,37.0,349.0,-0.5903287422063037,0.03797820641625643,-0.65989498,-0.62037697,-0.5928315,-0.56082285,-0.5090349,349.0,51.5126574608023,0.013238508451481881,51.47568503,51.50409185,51.51198658,51.52256025,51.53724778
51,South Gloucestershire,1649.0,-2.4923568486340812,0.07297094430810051,-2.6687795716,-2.5436120911,-2.495695761,-2.4467508335,-2.2744454338,1649.0,51.521229025631776,0.053681856090319884,51.41937365810001,51.4813227632,51.5236766801,51.5499981872,51.6621727547,1649.0,10.742268041237113,17.03821133749147,0.0,4.0,4.0,11.0,188.0,1649.0,310.0,0.0,310.0,310.0,310.0,310.0,310.0,1649.0,17.0,0.0,17.0,17.0,17.0,17.0,17.0,32.0,-2.53321987375,0.07076355599047818,-2.66448124,-2.59620495,-2.54610434,-2.50095276,-2.40981462,32.0,51.5134685015625,0.030023708752590385,51.43034499,51.49985209,51.52063675,51.530147830000004,51.56002365
52,Southampton,908.0,-1.3967424633144274,0.03483933491559872,-1.4715846203999998,-1.4249643103,-1.3996865031999999,-1.367989188225,-1.3277081789,908.0,50.9189619506978,0.015422630289331945,50.8846935132,50.906671790275006,50.9186304396,50.93148678257499,50.9521754792,908.0,9.533039647577093,22.324261842787283,0.0,0.0,0.0,14.0,325.0,908.0,307.795154185022,22.426503720045115,73.0,310.0,310.0,310.0,310.0,908.0,198.0,0.0,198.0,198.0,198.0,198.0,198.0,14.0,-1.4031743228571432,0.026992897731398638,-1.47015146,-1.411758105,-1.40620388,-1.3797239424999999,-1.36490554,14.0,50.91069467285714,0.012565111058474082,50.89438379,50.901043535,50.911772315,50.9166719925,50.94113789
53,Southend-on-Sea,643.0,0.7055268980060498,0.04285185706185579,0.6264620041100001,0.670605141785,0.70129306103,0.734894218115,0.8019485403,643.0,51.5476153422776,0.011196076204561247,51.524226302399995,51.538760525650005,51.546368119499995,51.55516205545,51.574605448,643.0,44.2706065318818,32.03704326102527,0.0,47.0,49.0,50.0,281.0,643.0,310.0,0.0,310.0,310.0,310.0,310.0,310.0,643.0,158.0,0.0,158.0,158.0,158.0,158.0,158.0,517.0,0.704397218549323,0.0436307798196821,0.62657846,0.66970399,0.69758252,0.73524014,0.80181424,517.0,51.54760830290136,0.011261429662759757,51.52743559,51.5382095,51.54673527,51.55498922,51.57294834
54,Stockton-on-Tees,1111.0,-1.3189939726038706,0.03548837539185716,-1.4384089097,-1.34577317975,-1.3151283273999999,-1.29425885585,-1.213915067,1111.0,54.566702072424754,0.035563337464345694,54.481584213299996,54.54302169695,54.570116595900004,54.59157455305,54.6370892018,1111.0,1.8370837083708371,0.9742227908131431,0.0,2.0,2.0,2.0,9.0,1111.0,310.0,0.0,310.0,310.0,310.0,310.0,310.0,1111.0,77.0,0.0,77.0,77.0,77.0,77.0,77.0,983.0,-1.3182690762360123,0.03559782784817022,-1.43840382,-1.3452601899999999,-1.31421506,-1.29340654,-1.21420926,983.0,54.56681862268566,0.03469462480782335,54.48254189,54.54308321,54.57033813,54.591392475,54.63703579
55,Stoke-on-Trent,1424.0,-2.1625516779514746,0.03250255075806872,-2.2337522113,-2.1890693543,-2.1653270864499996,-2.138184884,-2.0882746903,1424.0,53.01751588889046,0.03248029966458767,52.94932644399999,52.990315954275,53.0168739603,53.04445675265,53.0894300124,1424.0,0.7801966292134831,1.2916841830621324,0.0,0.0,0.0,1.0,15.0,1424.0,310.0,0.0,310.0,310.0,310.0,310.0,310.0,1424.0,389.0,0.0,389.0,389.0,389.0,389.0,389.0,977.0,-2.171047878219038,0.028068431418627034,-2.23375236,-2.19323006,-2.17360178,-2.15254003,-2.08918986,977.0,53.023321939826,0.03261968717265599,52.94935021,52.99672229,53.02398114,53.05089189,53.0894454
56,Swansea,1929.0,-3.9875006018677035,0.07343507452725113,-4.286900048500001,-4.0251425548,-3.9746030973,-3.9401043235000004,-3.8674058138,1929.0,51.638818257163656,0.035592544168153585,51.5451129809,51.618023864099996,51.6389162133,51.66276551359999,51.7728447547,1929.0,1.6495593571798859,0.5811269837938714,0.0,1.0,2.0,2.0,7.0,1929.0,310.0,0.0,310.0,310.0,310.0,310.0,310.0,1929.0,581.0,0.0,581.0,581.0,581.0,581.0,581.0,0.0,,,,,,,,0.0,,,,,,,
57,Swindon,1150.0,-1.775445236737826,0.0391329605897312,-1.8493284750999999,-1.8023468480249998,-1.77850380015,-1.7474242128,-1.642039281,1150.0,51.56870606945948,0.027233558992062,51.4977590186,51.5521752318,51.56534768985,51.58516913325,51.6666668672,1150.0,10.630434782608695,20.61930481081493,0.0,2.0,6.0,6.0,168.0,1150.0,310.0,0.0,310.0,310.0,310.0,310.0,310.0,1150.0,468.0,0.0,468.0,468.0,468.0,468.0,468.0,2.0,-1.78549976,0.0,-1.78549976,-1.78549976,-1.78549976,-1.78549976,-1.78549976,2.0,51.56547173,0.0,51.56547173,51.56547173,51.56547173,51.56547173,51.56547173
58,Telford & Wrekin,1107.0,-2.46895826276206,0.05207705742390883,-2.6514500398,-2.4983765683500003,-2.4623327700999997,-2.43788409455,-2.3603094097,1107.0,52.701091363715,0.04361157894872641,52.6184190336,52.6727732963,52.69581647020001,52.72149461720001,52.8183251738,1107.0,5.005420054200542,2.9924509419288112,0.0,3.0,5.0,6.0,22.0,1107.0,310.0,0.0,310.0,310.0,310.0,310.0,310.0,1107.0,359.0,0.0,359.0,359.0,359.0,359.0,359.0,964.0,-2.4695379151348544,0.050402692786097415,-2.651388,-2.4986041975,-2.46299527,-2.4384473375,-2.36033863,964.0,52.70056986575726,0.04347726004629578,52.61917117,52.67283721,52.695596699999996,52.71886215,52.81823007
59,Thurrock,596.0,0.3415142148257047,0.06286782805353346,0.23138716774,0.29100920736,0.33389783422499997,0.3739340953025,0.49589738225,596.0,51.497327615468954,0.0202731184587702,51.451479616099995,51.4828869316,51.49332317545,51.51159799702501,51.553552743500006,596.0,2.3557046979865772,2.1795807954151636,0.0,1.0,2.0,3.0,15.0,596.0,310.0,0.0,310.0,310.0,310.0,310.0,310.0,596.0,159.0,0.0,159.0,159.0,159.0,159.0,159.0,470.0,0.3405843050212766,0.06333640672656293,0.23171176,0.2906584825,0.33038285,0.3728601,0.47363481,470.0,51.49747135506383,0.02034836586369946,51.45071213,51.48290753,51.49303319,51.5108735,51.55352932
6,Bracknell Forest,503.0,-0.7516604288198807,0.03519345395608832,-0.8192332406,-0.77722098075,-0.7553054320999999,-0.73507379005,-0.6411982945,503.0,51.407991838419484,0.02536719210016489,51.3354451842,51.397821567899996,51.4138990558,51.42372713100001,51.4572332303,503.0,2.469184890656064,3.529971943785769,0.0,1.0,2.0,3.0,54.0,503.0,310.0,0.0,310.0,310.0,310.0,310.0,310.0,503.0,38.0,0.0,38.0,38.0,38.0,38.0,38.0,426.0,-0.7495581357511737,0.03641942423758976,-0.81925661,-0.7753198950000001,-0.7536899,-0.73355437,-0.64125335,426.0,51.40900021650234,0.024645970419032933,51.34108525,51.39844990500001,51.41377267,51.4247434,51.45722386
60,Torbay,1011.0,-3.5495937453454003,0.02607995599735401,-3.6278490859,-3.5701353449,-3.5508543492,-3.5270868531,-3.4973889005000003,1011.0,50.445651332196434,0.03267022093073503,50.3739649336,50.42648338565,50.4497082027,50.4732045975,50.5137203205,1011.0,4.9188921859545,10.733004025211034,0.0,0.0,0.0,6.0,106.0,1011.0,309.8674579624134,4.2143366069403445,176.0,310.0,310.0,310.0,310.0,1011.0,119.0,0.0,119.0,119.0,119.0,119.0,119.0,39.0,-3.5485014948717946,0.02339372321894624,-3.58700685,-3.56611488,-3.56474952,-3.52397798,-3.51151315,39.0,50.434532516153844,0.023741347079074805,50.38644842,50.430013885,50.43464094,50.460616595,50.47317334
61,Torfaen,733.0,-3.04022826747367,0.02506832631339731,-3.1108547338999997,-3.0592878905000003,-3.0398608515,-3.0204608752999995,-2.9690054669999997,733.0,51.68892825292551,0.041236854583172756,51.624657901300004,51.651483586000005,51.6869896747,51.7158164707,51.783298063500006,733.0,1.7148703956343794,0.6133843149928231,0.0,1.0,2.0,2.0,5.0,733.0,310.0,0.0,310.0,310.0,310.0,310.0,310.0,733.0,534.0,0.0,534.0,534.0,534.0,534.0,534.0,0.0,,,,,,,,0.0,,,,,,,
62,Vale of Glamorgan,998.0,-3.3074991138926855,0.11614905417932435,-3.6369436177999996,-3.3775775830250003,-3.27310967915,-3.2126450371499997,-3.1672887983,998.0,51.428673151724254,0.026210670040361303,51.386801729300004,51.40809851305,51.423866294999996,51.4441886955,51.5073642394,998.0,1.4478957915831663,0.6958759308207257,0.0,1.0,1.0,2.0,5.0,998.0,310.0,0.0,310.0,310.0,310.0,310.0,310.0,998.0,572.0,0.0,572.0,572.0,572.0,572.0,572.0,0.0,,,,,,,,0.0,,,,,,,
63,Warrington,1270.0,-2.5738528502207085,0.053260793088202696,-2.6900491746,-2.60665474515,-2.5744738605000004,-2.5396651120250002,-2.4405197365,1270.0,53.39999728760015,0.02647825636566919,53.333001597700004,53.382250602925,53.3985157402,53.416203352625004,53.4782162191,1270.0,2.237795275590551,1.3695396852178638,0.0,1.0,2.0,3.0,10.0,1270.0,310.0,0.0,310.0,310.0,310.0,310.0,310.0,1270.0,69.0,0.0,69.0,69.0,69.0,69.0,69.0,1072.0,-2.575028951828358,0.05273153288895644,-2.68976491,-2.6084255825,-2.57512108,-2.54450664,-2.44068523,1072.0,53.40063595820895,0.027009193335770586,53.33305097,53.38262175,53.3992057,53.41669822,53.47806041
64,West Berkshire,1293.0,-1.2599903395661254,0.15052918765123496,-1.5508868969999998,-1.346131709,-1.2827448429000001,-1.1174748693,-0.991523265,1293.0,51.428455788206264,0.04105711662330903,51.3577145375,51.3976446357,51.414470065500005,51.4654455191,51.540182717600004,1293.0,2.2892498066511986,1.6288375910675232,0.0,1.0,2.0,3.0,14.0,1293.0,310.0,0.0,310.0,310.0,310.0,310.0,310.0,1293.0,30.0,0.0,30.0,30.0,30.0,30.0,30.0,1082.0,-1.262815515711645,0.1527809411670765,-1.55080056,-1.3554944225,-1.28448193,-1.11766045,-0.99153083,1082.0,51.42878939597042,0.04109889261861066,51.35772139,51.39764711,51.41434862,51.46557596,51.53966552
65,Windsor & Maidenhead,813.0,-0.6795824370637146,0.07194880544215305,-0.8424554673000001,-0.7380055254000001,-0.6895935359,-0.6251852698,-0.5288919202000001,813.0,51.48891310474034,0.03799021404942254,51.3908723298,51.472713329399994,51.4855420304,51.5190786924,51.566015539700004,813.0,1.8917589175891758,1.274259557405871,0.0,1.0,2.0,2.0,9.0,813.0,310.0,0.0,310.0,310.0,310.0,310.0,310.0,813.0,36.0,0.0,36.0,36.0,36.0,36.0,36.0,646.0,-0.674234170510836,0.07382785186316415,-0.81488889,-0.73749875,-0.66778393,-0.61871327,-0.52904524,646.0,51.48571844006193,0.038117443249710385,51.39160714,51.470345779999995,51.48334916,51.515761,51.5659366
66,Wokingham,881.0,-0.893534400913848,0.042403800152857746,-1.0030890888,-0.9203873111,-0.8952543362000001,-0.8596106314,-0.7957867122,881.0,51.43074220653405,0.03638138727985949,51.356761502299996,51.4046998251,51.429620369700004,51.4541826699,51.5386583171,881.0,2.2814982973893305,1.620952449476235,0.0,1.0,2.0,3.0,14.0,881.0,310.0,0.0,310.0,310.0,310.0,310.0,310.0,881.0,35.0,0.0,35.0,35.0,35.0,35.0,35.0,802.0,-0.894526751957606,0.041360441385152054,-1.00306922,-0.9213944275,-0.897085455,-0.8606805824999999,-0.79759914,802.0,51.43110963481297,0.03637335808890996,51.35705745,51.40419027,51.43045556,51.45437725,51.53865929
67,Wrexham,1245.0,-3.0078845165506825,0.062783389911002,-3.2539279462,-3.0508049125,-3.0096328501,-2.9815140187,-2.7330585627999997,1245.0,53.035487947108514,0.043729410755764364,52.886272563999995,53.0046983603,53.0482547172,53.0652994991,53.119208697299996,1245.0,0.9108433734939759,0.5635666838276046,0.0,1.0,1.0,1.0,3.0,1245.0,310.0,0.0,310.0,310.0,310.0,310.0,310.0,1245.0,514.0,0.0,514.0,514.0,514.0,514.0,514.0,0.0,,,,,,,,0.0,,,,,,,
68,York,1193.0,-1.0828753745647108,0.04488001214773276,-1.2122079203,-1.1133662235,-1.0853369132,-1.05842667,-0.9338595040000001,1193.0,53.963929459189856,0.028960185739320105,53.8901470646,53.9485412413,53.9613748533,53.9799263201,54.0411911654,1193.0,0.0,0.0,0.0,0.0,0.0,0.0,0.0,1193.0,310.0,0.0,310.0,310.0,310.0,310.0,310.0,1193.0,329.0,0.0,329.0,329.0,329.0,329.0,329.0,53.0,-1.089987695283019,0.01768602765603887,-1.14913677,-1.0919387,-1.08756325,-1.08179597,-1.07836346,53.0,53.95971276018868,0.004922383221039967,53.95636778,53.95791441,53.95809858,53.95908288,53.97609344
69,Bedford,1105.0,-0.46601625844660627,0.06147035239979272,-0.6312099641,-0.5010545536,-0.4646294451,-0.432743185,-0.27276139829999996,1105.0,52.1561577948648,0.04579624102531513,52.067717937,52.1272581924,52.1448362777,52.171054831999996,52.3086302621,1105.0,2.669683257918552,1.8068996159298245,0.0,2.0,2.0,3.0,13.0,1105.0,309.5656108597285,10.205829767508384,70.0,310.0,310.0,310.0,310.0,1105.0,20.0,0.0,20.0,20.0,20.0,20.0,20.0,58.0,-0.4719992715517241,0.03986564549281757,-0.55433199,-0.47806086,-0.47137142,-0.47069064,-0.35210996,58.0,52.13271793206896,0.02994235510724405,52.06890833,52.12896477,52.13743344,52.13743344,52.22166639
7,Bridgend,1012.0,-3.612208986563142,0.06117236403514108,-3.7955367161,-3.6602628248999998,-3.5962977813499997,-3.572845807575,-3.4741957664,1012.0,51.54578941966888,0.06812540677041841,51.476532986,51.508090423125,51.5287383072,51.590192921349995,53.1399119646,1012.0,2.022727272727273,0.753808183935032,0.0,2.0,2.0,2.0,7.0,1012.0,310.0,0.0,310.0,310.0,310.0,310.0,310.0,1012.0,551.0,0.0,551.0,551.0,551.0,551.0,551.0,0.0,,,,,,,,0.0,,,,,,,
70,Buckinghamshire,3345.0,-0.7555631833912405,0.1272182634874062,-1.1284510921,-0.8283241333,-0.7645403473000001,-0.664361778,-0.48759205409999995,3345.0,51.72074166184092,0.12623161706975997,51.501488613,51.622877376000005,51.691392790100004,51.81500243439999,52.0753924525,3345.0,2.490881913303438,1.2301014149797138,0.0,2.0,2.0,3.0,11.0,3345.0,111.29028400597907,102.78231795711856,8.0,8.0,45.0,237.0,310.0,3345.0,40.0,0.0,40.0,40.0,40.0,40.0,40.0,438.0,-0.7400915542465752,0.11162472229405512,-0.98685084,-0.81316092,-0.76453827,-0.6187183275,-0.49741601,438.0,51.734667581027395,0.10890001076350343,51.50774312,51.6599100725,51.735280599999996,51.81490162,52.03359472
71,Cambridgeshire,3659.0,0.0534681135639847,0.1931739525832351,-0.4699005448,-0.08485785535000001,0.09300510867,0.16813544278,0.4913021637100001,3659.0,52.31310338975048,0.15554413985395182,52.026249717,52.201601063400005,52.2735992212,52.40378684305,52.7289406182,3659.0,2.2544411041268106,1.3855178601728053,0.0,2.0,2.0,3.0,15.0,3659.0,102.71467614102214,50.88571474908466,29.0,64.0,103.0,174.0,310.0,3659.0,50.0,0.0,50.0,50.0,50.0,50.0,50.0,3144.0,0.05554926425890585,0.19482897587712183,-0.46983933,-0.08260043,0.092069575,0.16958052499999998,0.49125513,3144.0,52.308262586189564,0.1515560919156617,52.02628461,52.20036751000001,52.27128804,52.39918534500001,52.72861773
72,Cheshire East,2740.0,-2.3336897162305474,0.15707945996569764,-2.7343299068,-2.4533433722,-2.34830861245,-2.197740826225,-1.9997652953,2740.0,53.17801076850565,0.10298465426612126,52.9654440657,53.09450996275,53.1542851153,53.26852922595,53.37496246640001,2740.0,4.146715328467153,2.5559115049260965,0.0,2.0,4.0,6.0,16.0,2740.0,309.25474452554744,12.335817541685188,100.0,310.0,310.0,310.0,310.0,2740.0,60.0,0.0,60.0,60.0,60.0,60.0,60.0,2346.0,-2.332336350660699,0.15612712363790762,-2.73449428,-2.45336917,-2.34594802,-2.19718848,-1.99986774,2346.0,53.1785225044416,0.10309819071379211,52.97446275,53.09447001,53.15295333,53.269659257499995,53.37477543
73,Cornwall,5719.0,-4.940352576159486,0.3886066364897168,-6.3500572447,-5.21771697005,-5.0229938241,-4.668163643250001,-4.1747040059,5719.0,50.33539690147337,0.18237597653451113,49.896011887,50.1887872679,50.3369997367,50.447143872249995,50.9231542824,5719.0,12.764819024304948,23.697023283204384,0.0,0.0,2.0,11.0,135.0,5719.0,310.0,0.0,310.0,310.0,310.0,310.0,310.0,5719.0,80.0,0.0,80.0,80.0,80.0,80.0,80.0,124.0,-5.0487035342741935,0.46261418209016064,-6.35012164,-5.22632151,-5.063089209999999,-4.78952466,-4.17476984,124.0,50.27098831540322,0.14092666521412223,49.896004,50.17143441,50.26232017,50.40445136,50.54488613
74,Cumbria,3929.0,-3.057235586506312,0.3079452904493968,-3.6058379517000003,-3.2638168401,-2.9978464186,-2.8350964317000003,-2.224657075,3929.0,54.55696722134184,0.26547724017143354,54.06439543,54.327509593500004,54.5856891849,54.808778234799995,55.1373667671,3929.0,0.0,0.0,0.0,0.0,0.0,0.0,0.0,3929.0,64.26495291422754,65.88581584171499,2.0,10.0,33.0,74.0,179.0,3929.0,90.0,0.0,90.0,90.0,90.0,90.0,90.0,0.0,,,,,,,,0.0,,,,,,,
75,Derbyshire,7527.0,-1.5058112739863556,0.1950597201983788,-2.0269068417,-1.5847852687000001,-1.4502343969,-1.3717597949,-1.1801384879999999,7527.0,53.12203563052644,0.17386065699110154,52.7125938521,53.00101224395,53.1508391853,53.25471278,53.503031769399996,7527.0,2.3722598644878437,1.6408504184200219,0.0,1.0,2.0,3.0,14.0,7527.0,75.1627474425402,55.30278027876752,4.0,18.0,59.0,133.0,175.0,7527.0,100.0,0.0,100.0,100.0,100.0,100.0,100.0,6621.0,-1.5063808491542066,0.19276693259599198,-2.02671073,-1.58632871,-1.45140942,-1.37459313,-1.18018231,6621.0,53.120647644218394,0.17422616913756925,52.71261832,52.99948474,53.14803607,53.25448614,53.50295665
76,Devon,6515.0,-3.7150167373539675,0.3374344186217488,-4.6578749366,-4.04207041265,-3.6425204051,-3.4753977800499998,-2.9186584364,6515.0,50.726555991712935,0.22375905324389947,50.224955360100004,50.560436441600004,50.721095707299995,50.867473368999995,51.2322646784,6515.0,8.33031465848043,18.653380318498918,0.0,0.0,2.0,7.0,150.0,6515.0,145.79339984650807,57.63082181966236,65.0,80.0,131.0,202.0,310.0,6515.0,110.0,0.0,110.0,110.0,110.0,110.0,110.0,172.0,-3.6408804913372093,0.2829110545864489,-4.65790753,-3.77698381,-3.54315473,-3.48683211,-3.00473016,172.0,50.694916026918605,0.22147122506436362,50.22521588,50.53119705,50.72488387,50.7891419275,51.21078465
77,Dorset,3815.0,-2.2455273708794494,0.29970927636810746,-2.9536784036,-2.45989076155,-2.2454845938999997,-2.0026185938500003,-1.6831060247,3815.0,50.78083976744815,0.11895563942231403,50.516202591,50.70454045219999,50.7643267459,50.8625205565,51.0768965775,3815.0,7.91743119266055,16.82663218887042,0.0,0.0,0.0,8.0,124.0,3815.0,152.6065530799476,67.61829626334638,47.0,66.0,150.0,225.0,231.0,3815.0,120.0,0.0,120.0,120.0,120.0,120.0,120.0,24.0,-2.218824623333333,0.28624484413020934,-2.57898817,-2.4571980125,-2.2470378550000003,-2.0104241925000004,-1.74199133,24.0,50.73633357625001,0.11532588969094204,50.60828295,50.6473734775,50.71011164,50.778148625,51.03402629
78,Durham,4953.0,-1.6377342450817685,0.17823156889314043,-2.2952679072,-1.7442511859,-1.6325208599,-1.5325756525,-1.2599498289,4953.0,54.74704492358225,0.09175912075523665,54.4880807229,54.6746173807,54.7561810175,54.8282323022,54.9170956762,4953.0,2.5861094286291135,1.0457549707956435,0.0,2.0,2.0,3.0,8.0,4953.0,309.97536846355746,1.225650972113617,249.0,310.0,310.0,310.0,310.0,4953.0,130.0,0.0,130.0,130.0,130.0,130.0,130.0,0.0,,,,,,,,0.0,,,,,,,
79,East Sussex,3545.0,0.3101439028496418,0.21220800689643388,-0.1217296,0.13527382758,0.27882272786999995,0.5008839737699999,0.8314420837700001,3545.0,50.88633698566607,0.0866513505888883,50.73721924310001,50.8160806522,50.8719490286,50.945179179700006,51.1420526628,3545.0,2.9932299012693937,1.7383794701317774,0.0,2.0,3.0,4.0,12.0,3545.0,150.862341325811,55.70769007264585,72.0,97.0,158.0,220.0,220.0,3545.0,140.0,0.0,140.0,140.0,140.0,140.0,140.0,275.0,0.3347515962545454,0.21617125531809225,-0.06018255,0.13581874,0.32324947,0.5397227,0.8295211,275.0,50.883047013854544,0.08974895262905762,50.76639893,50.81674467,50.85762426,50.9519646,51.11309084
8,Brighton and Hove,1240.0,-0.13871813290258064,0.0456099396302554,-0.23300231649999997,-0.17211976365,-0.1371192377,-0.1104919934,-0.028020350299999996,1240.0,50.83755631668806,0.015580065165489841,50.800403296899994,50.827577085974994,50.8375120416,50.8482564306,50.8731743255,1240.0,3.4419354838709677,1.8239327603164368,0.0,2.0,3.0,4.0,16.0,1240.0,308.7225806451613,15.85875325095531,112.0,310.0,310.0,310.0,310.0,1240.0,149.0,0.0,149.0,149.0,149.0,149.0,149.0,138.0,-0.15340739985507246,0.03242592075969592,-0.20930071,-0.1776752375,-0.14544622,-0.13706135,-0.07527072,138.0,50.83411559666667,0.010745489458084751,50.81937283,50.824551555000006,50.8345022,50.838865122499996,50.86365406
80,Essex,8054.0,0.5793963255961249,0.3166275120625675,-0.0106932504,0.347220598385,0.5534336951049998,0.81973124711,1.28837379971,8054.0,51.7803376444839,0.13354946218160138,51.511592443999994,51.6624372389,51.78494948165,51.885227936525006,52.082957526099996,8054.0,115.53253041966724,56.651376767338355,0.0,119.0,121.0,122.0,404.0,8054.0,85.8813012167867,72.74216890642855,11.0,22.0,48.0,156.0,310.0,8054.0,150.0,0.0,150.0,150.0,150.0,150.0,150.0,7190.0,0.5790308614408901,0.3152695366526368,-0.01045095,0.348119105,0.553518635,0.81574126,1.28825206,7190.0,51.782102180489574,0.13458243402882528,51.5116916,51.6630627925,51.78914947,51.88686834,52.08053778
81,Gloucestershire,6923.0,-2.206391754526405,0.23740615648103963,-2.6789249186,-2.3666975932,-2.212465447,-2.0647852545500003,-1.6382086023,6923.0,51.82421568737963,0.0997252603178995,51.5855822859,51.741781161999995,51.8288437184,51.8953524598,52.094400121099994,6923.0,17.76541961577351,19.64475399805342,0.0,7.0,11.0,20.0,139.0,6923.0,113.72815253502817,64.7004191124317,39.0,52.0,84.0,194.0,236.0,6923.0,160.0,0.0,160.0,160.0,160.0,160.0,160.0,20.0,-2.2677897535,0.25586619302747593,-2.55620544,-2.530820425,-2.2589900849999998,-2.0920337875,-1.70036911,20.0,51.811343881000006,0.11430161800891238,51.67699749,51.718911087500004,51.74525787,51.904012335,51.9989119
82,Greater London,21196.0,-0.11610789948734809,0.16196839540456015,-0.4994628203,-0.221497733375,-0.11103939365000001,-0.00536655055,0.29775378911,21196.0,51.500364702575276,0.08004281963429091,51.292915763900005,51.444592754175005,51.50640112425,51.560100313025,51.684782251899996,21196.0,0.07109832043781845,0.3467134019820286,0.0,0.0,0.0,0.0,9.0,21196.0,291.0363747876958,9.706873833751924,276.0,283.0,291.0,300.0,308.0,21196.0,490.0,0.0,490.0,490.0,490.0,490.0,490.0,21186.0,-0.11624232144671008,0.16576548068794858,-5.23303181,-0.22152383250000002,-0.11091731,-0.0055201124999999995,0.29769673,21186.0,51.500430939296706,0.08114382198263075,51.29283323,51.4446040775,51.506474229999995,51.5601310375,53.38935064
83,Greater Manchester,15321.0,-2.2836876579069707,0.16841944385305765,-2.7176711170999996,-2.3894603155,-2.252827604,-2.1543806532,-1.9745264133000002,15321.0,53.50633363517363,0.06995883298320085,53.338181327,53.4555834865,53.5097009321,53.5582221805,53.669581266899996,15321.0,1.2054043469747406,1.234580946020204,0.0,0.0,1.0,2.0,20.0,15321.0,259.33907708374124,10.026848730618601,242.0,254.0,258.0,269.0,273.0,15321.0,180.0,0.0,180.0,180.0,180.0,180.0,180.0,703.0,-2.26142272083926,0.13338799277672025,-2.64704826,-2.32731539,-2.24197053,-2.1636261,-2.01632386,703.0,53.48712592573257,0.06432420684529629,53.36056476,53.440039889999994,53.48293316,53.54285451,53.61688108
84,Hampshire,8627.0,-1.2358982255877942,0.25954865361293583,-1.9501923841,-1.44746078115,-1.2431723798999998,-1.0372671169,-0.7324984837,8627.0,51.04128673327286,0.18199917942469315,50.720735102700004,50.8732743633,51.0072752216,51.224318860500006,51.373806520500004,8627.0,15.0297901935783,19.17701397636969,0.0,0.0,10.0,20.0,217.0,8627.0,118.24318998493104,69.7988562732379,12.0,73.0,98.0,204.0,310.0,8627.0,190.0,0.0,190.0,190.0,190.0,190.0,190.0,247.0,-1.224752071376518,0.2466870052902156,-1.71411971,-1.38425289,-1.25939776,-1.03541566,-0.74300952,247.0,51.02761502153846,0.18093947448850534,50.75262801,50.85467903,50.99170687,51.21375653,51.33157993
85,Hertfordshire,6234.0,-0.25529717051512835,0.18394501326345475,-0.7198994272,-0.39451213377500005,-0.26526078235,-0.1595655551,0.19361106807999998,6234.0,51.79464465418426,0.10687874418504227,51.6024841691,51.709764322750004,51.7764829522,51.874268305,52.0624373018,6234.0,1.0,0.0,1.0,1.0,1.0,1.0,1.0,6234.0,133.8280397818415,65.27933985726699,26.0,68.0,134.0,192.0,223.0,6234.0,210.0,0.0,210.0,210.0,210.0,210.0,210.0,5161.0,-0.26553896062972293,0.18181591988342452,-0.70481262,-0.39904354,-0.27531896,-0.17367107,0.19370543,5161.0,51.7879238075063,0.10332556840151197,51.60267671,51.70817617,51.77017782,51.85603218,52.06244603
86,Kent,8271.0,0.747679079360879,0.4149543821856977,0.04036733815,0.35766257010999997,0.7400504936200001,1.1207449827850002,1.44531012266,8271.0,51.26071426305421,0.11574647155006702,50.9143183629,51.159368572700004,51.2733308851,51.3530494618,51.4619273815,8271.0,3.3945109418450006,1.917642610023432,0.0,2.0,3.0,4.0,15.0,8271.0,125.52545036875831,73.45389557686408,7.0,57.0,116.0,197.0,310.0,8271.0,240.0,0.0,240.0,240.0,240.0,240.0,240.0,954.0,0.7181063063626834,0.42568945043473605,0.06044267,0.30712766,0.6690413,1.09664441,1.4370812,954.0,51.26583605674005,0.12110680608184676,50.91461535,51.176731222499996,51.27642246,51.3610908,51.45207283
87,Lancashire,8020.0,-2.627759643329289,0.26275063580304836,-3.0535249641,-2.8198168467249998,-2.69556139065,-2.3726644228000002,-2.0837347448,8020.0,53.80078818576538,0.1419466063034307,53.503550365600006,53.704845012475,53.7779613205,53.872740685100005,54.200864520399996,8020.0,2.5382793017456358,1.2607066476082442,0.0,2.0,2.0,3.0,11.0,8020.0,141.4930174563591,62.96803565322951,28.0,104.0,149.0,183.0,310.0,8020.0,250.0,0.0,250.0,250.0,250.0,250.0,250.0,84.0,-2.668742300357143,0.23021596024450383,-3.02912046,-2.84087915,-2.70812483,-2.47076508,-2.18186138,84.0,53.74106943630952,0.14988366682939708,53.52839385,53.61325822,53.74157425,53.78650115,54.16991775
88,Leicestershire,3828.0,-1.2138862372657524,0.3079424857374609,-7.5571603742999995,-1.3466695388499998,-1.21368097985,-1.096856103775,-0.6783730533,3828.0,52.65810514999164,0.15356686050138066,49.7668105476,52.575108536225,52.67843188795,52.7494247972,52.944507127200005,3828.0,5.301724137931035,2.602209500195592,0.0,4.0,5.0,6.0,24.0,3828.0,86.91509926854755,45.275642760190465,16.0,37.0,101.0,139.0,310.0,3828.0,260.0,0.0,260.0,260.0,260.0,260.0,260.0,94.0,-1.163853879042553,0.18306736613885258,-1.44100839,-1.37183852,-1.2034831750000001,-1.0808024825,-0.79483777,94.0,52.70166852180851,0.11365778311500169,52.47785295,52.586869824999994,52.738055315,52.77235402,52.94463425
89,Lincolnshire,6873.0,-0.2645564423790063,0.30695849317826024,-0.8164939101,-0.5361634098,-0.3049801622,-0.009128068100000001,0.3505204146,6873.0,53.09689291134286,0.220570112985356,52.647765443699996,52.9196718638,53.14425766270001,53.2530304024,53.5852139522,6873.0,2.7063873126727773,1.5002662548412065,0.0,2.0,2.0,3.0,18.0,6873.0,130.67903390077115,64.25844792645043,19.0,69.0,135.0,178.0,227.0,6873.0,270.0,0.0,270.0,270.0,270.0,270.0,270.0,5436.0,-0.2647077492347314,0.30502506161796056,-0.81645266,-0.53570619,-0.29960417,-0.01202469,0.35039702,5436.0,53.09390271431199,0.223316272702388,52.64784441,52.91563973,53.14234885,53.25245756,53.58516377
9,Bristol,1519.0,-2.5904166507171826,0.038728636576658336,-2.7042687695,-2.61345706915,-2.591341597,-2.5637358119,-2.5110697,1519.0,51.45898389034648,0.028479208128948937,51.4009774896,51.437046102349996,51.458892705100006,51.4832670319,51.525836434700004,1519.0,15.49506254114549,22.392499935007272,0.0,4.0,9.0,17.0,200.0,1519.0,310.0,0.0,310.0,310.0,310.0,310.0,310.0,1519.0,10.0,0.0,10.0,10.0,10.0,10.0,10.0,69.0,-2.599622729855073,0.027096493915229922,-2.70427301,-2.59912553,-2.59254184,-2.58622154,-2.56269139,69.0,51.46049096753623,0.017876766957154268,51.43331623,51.44957328,51.45598978,51.45918214,51.5259301
90,Merseyside,7536.0,-2.9267213428033703,0.12393069257334387,-3.1870117254,-3.01545880755,-2.95535718225,-2.8504605182500002,-2.5984110377,7536.0,53.43796283502106,0.07537044903682753,53.306305012299994,53.389721706375,53.4245315859,53.4680091898,53.678666853500005,7536.0,8.77481422505308,15.45248881945291,0.0,0.0,7.0,12.0,628.0,7536.0,261.8820329087049,8.686321056186738,251.0,253.0,262.0,266.0,310.0,7536.0,280.0,0.0,280.0,280.0,280.0,280.0,280.0,238.0,-2.9385944827731096,0.12618840819430185,-3.18377072,-3.0226790599999998,-2.98242149,-2.83835616,-2.61359733,238.0,53.428526305084034,0.060749146439948866,53.30755276,53.39500419,53.40886501,53.45257496,53.64653332
91,Norfolk,5481.0,1.0945039124646798,0.4028417618233269,0.17120107805999998,0.8145994480200001,1.22329020375,1.3419996766,1.7395499805,5481.0,52.66839758858696,0.13016703408634372,52.3629809858,52.5926250284,52.6508813012,52.751087290200005,52.9660765254,5481.0,3.5205254515599345,2.3312358837638216,0.0,2.0,3.0,5.0,19.0,5481.0,102.98649881408502,56.20437647081442,21.0,24.0,110.0,142.0,180.0,5481.0,290.0,0.0,290.0,290.0,290.0,290.0,290.0,4014.0,1.1088206802914797,0.3954911289921763,0.17178208,0.8559573149999999,1.23177117,1.34917199,1.73891285,4014.0,52.668886154932736,0.1307952378643564,52.36310817,52.5892889625,52.65112849,52.753228590000006,52.96604843
92,North Yorkshire,4873.0,-1.2726150830940692,0.5124954964276541,-2.5424304023,-1.5665313730000001,-1.3202697252,-0.9212392291,-0.24232484850000002,4873.0,54.11698045727486,0.21135255033701533,53.6429787625,53.9806674441,54.111124941899995,54.280908018299996,54.5523820685,4873.0,0.0,0.0,0.0,0.0,0.0,0.0,0.0,4873.0,125.1791504206854,41.47077086505359,53.0,95.0,155.0,165.0,168.0,4873.0,320.0,0.0,320.0,320.0,320.0,320.0,320.0,69.0,-1.325697361884058,0.585547134048824,-2.51067842,-1.53832107,-1.44037244,-0.91097216,-0.2938654,69.0,54.12190838797101,0.21919341719168953,53.69856255,53.99402897,54.0108742,54.27998203,54.48958193
93,Northamptonshire,4473.0,-0.836492185443416,0.1975202900203863,-1.299491604,-0.9482584269,-0.8390825344,-0.7006684195999999,-0.36326987920000003,4473.0,52.30368974870664,0.12314895886344022,51.9950173335,52.2370975488,52.2881701621,52.3944994554,52.626633052299994,4473.0,2.3272971160295106,1.0932420706252446,0.0,2.0,2.0,3.0,12.0,4473.0,119.57120500782473,56.536331605564556,51.0,58.0,109.0,181.0,222.0,4473.0,300.0,0.0,300.0,300.0,300.0,300.0,300.0,3715.0,-0.8413117444360699,0.1949169694566204,-1.29935979,-0.951495975,-0.84901246,-0.70403065,-0.3634309,3715.0,52.301013601682364,0.1231332356479582,51.99507144,52.23560005,52.28178862,52.39257942,52.62658101
94,Northumberland,3040.0,-1.863214887243783,0.2847852033858446,-2.5885965616,-2.068470695475,-1.80988157245,-1.6060673208250003,-1.4685179496,3040.0,55.19142659713888,0.2380902931877235,54.8006970097,55.00520358239999,55.13274925739999,55.310279203575,55.800586162200005,3040.0,1.8203947368421052,1.119090897893408,0.0,1.0,2.0,2.0,6.0,3040.0,309.4532894736842,12.295920332762238,33.0,310.0,310.0,310.0,310.0,3040.0,310.0,0.0,310.0,310.0,310.0,310.0,310.0,9.0,-1.8898375211111111,0.24436655043510214,-2.09590549,-2.09590549,-2.09590549,-1.63225256,-1.63225256,9.0,55.15793743,0.2223933745155563,54.97039887,54.97039887,54.97039887,55.39236063,55.39236063
95,Nottinghamshire,5793.0,-1.0978984158877092,0.143271721996469,-1.3420319064,-1.2056887231,-1.1214996315,-1.0174901553,-0.6831607109000001,5793.0,53.09390754477863,0.14605162342420364,52.793575543500005,52.9795016267,53.0775457503,53.1704656099,53.4780250344,5793.0,4.646469877438288,2.3657303220492527,0.0,3.0,5.0,6.0,20.0,5793.0,78.3619886069394,60.49549933874135,6.0,13.0,86.0,128.0,310.0,5793.0,330.0,0.0,330.0,330.0,330.0,330.0,330.0,5588.0,-1.1000037354670724,0.14178901281265954,-1.3418224,-1.207232945,-1.12233109,-1.0247642675000002,-0.68312953,5588.0,53.09310457263779,0.14575506677177108,52.79372898,52.9791423075,53.07700865,53.168548195,53.47801671
96,Oxfordshire,4438.0,-1.2866697730641055,0.1705615521225747,-1.6787328444,-1.38853951845,-1.27805399455,-1.1833978540749999,-0.8828598968000001,4438.0,51.76397985257875,0.14574228886396265,51.4774678805,51.659043275274996,51.7502337361,51.846366216674994,52.1460487709,4438.0,3.8391167192429023,8.939144282552501,0.0,1.0,2.0,4.0,199.0,4438.0,158.21338440739072,69.84234625171933,40.0,146.0,182.0,213.0,228.0,4438.0,340.0,0.0,340.0,340.0,340.0,340.0,340.0,654.0,-1.2495858398165138,0.15571841912503542,-1.64571656,-1.3124053949999999,-1.26040337,-1.19183875,-0.88258328,654.0,51.74030411819572,0.13543406953758771,51.50343764,51.62016797,51.75094599,51.80581983,52.08674667
97,Shropshire,3069.0,-2.739105763972206,0.1975003984745831,-3.2148927918,-2.8756665407999997,-2.7398132255000003,-2.6333378527,-2.2478917088999997,3069.0,52.67826247236908,0.1721375592408165,52.3107748683,52.53800693149999,52.701761205299995,52.8271922988,52.9851781836,3069.0,0.942000651678071,1.16691629917595,0.0,0.0,1.0,1.0,10.0,3069.0,309.6461388074291,7.059943258173336,118.0,310.0,310.0,310.0,310.0,3069.0,350.0,0.0,350.0,350.0,350.0,350.0,350.0,100.0,-2.7674866008,0.20276103565190165,-3.04219475,-2.8914677325,-2.75261198,-2.7179785125,-2.26784893,100.0,52.649456962100004,0.19643243936784832,52.34508362,52.44023381,52.70943993,52.8210480825,52.96814704
98,Somerset,4356.0,-2.8773323607304864,0.29497734217088706,-3.7547686782,-3.084335461325,-2.9236488103500005,-2.648756535375,-2.246713984,4356.0,51.086548054016525,0.11399308200949276,50.8395481404,50.99610257485,51.0863127859,51.186926623475,51.341690390100005,4356.0,7.08425160697888,14.451916233330783,0.0,0.0,0.0,11.0,128.0,4356.0,174.43893480257117,32.259185563083456,121.0,167.0,185.0,200.0,310.0,4356.0,360.0,0.0,360.0,360.0,360.0,360.0,360.0,24.0,-3.035702824166666,0.36869920951937246,-3.47275144,-3.3157402350000003,-3.14854504,-2.737230145,-2.3099933,24.0,51.10577628791666,0.09894395672015309,50.87352606,51.0467590575,51.127497774999995,51.1808723075,51.22726348
99,South Yorkshire,8625.0,-1.3593080161520001,0.16013507581227482,-1.775670383,-1.4760244868999999,-1.3999123359999999,-1.2548788619,-0.9447613427,8625.0,53.45606107811069,0.08148415216612949,53.3069561967,53.3845868141,53.4411991586,53.5257786846,53.65690108729999,8625.0,0.0,0.0,0.0,0.0,0.0,0.0,0.0,8625.0,254.43478260869566,9.12028950022308,240.0,247.0,259.0,263.0,263.0,8625.0,370.0,0.0,370.0,370.0,370.0,370.0,370.0,6190.0,-1.357881250638126,0.16186719657069232,-1.77161964,-1.4775941124999998,-1.395375155,-1.2523460475000001,-0.94490023,6190.0,53.4585522821454,0.08136126852745731,53.30711561,53.38754826,53.44856243,53.52693257,53.65690085
